Tarih_Saat,Mod,Yon,Giris_Fiyati,Cikis_Fiyati,Durum,Net_PnL,Kasa
2026-10-08 04:04:34,ASIAN_V1,SELL,4136.03,4136.71,🔴 ASIAN_V1 SL,-0.7400,-0.7400
2026-10-08 04:05:28,ASIAN_V1,SELL,4137.39,4137.95,🔴 ASIAN_V1 SL,-0.6200,-1.3600
2026-10-08 04:06:25,ASIAN_V1,BUY,4138.13,4137.95,🟢 ASIAN_V1 KÂR KİLİDİ,-0.2400,-1.6000
2026-10-08 04:07:36,ASIAN_V1,SELL,4132.61,4132.62,🟢 ASIAN_V1 KÂR KİLİDİ,-0.0700,-1.6700
2026-10-08 04:08:26,ASIAN_V1,SELL,4131.67,4132.25,🔴 ASIAN_V1 SL,-0.6400,-2.3100
2026-10-08 04:09:23,ASIAN_V1,BUY,4130.85,4130.28,🔴 ASIAN_V1 SL,-0.6300,-2.9400
2026-10-08 04:10:36,ASIAN_V1,SELL,4127.45,4128.05,🔴 ASIAN_V1 SL,-0.6600,-3.6000
2026-10-08 04:11:41,ASIAN_V1,SELL,4128.48,4128.06,🟢 ASIAN_V1 İZ SÜREN TP,0.3600,-3.2400
2026-10-08 04:13:09,ASIAN_V1,SELL,4128.73,4128.56,🟢 ASIAN_V1 KÂR KİLİDİ,0.1100,-3.1300
2026-10-08 04:13:59,ASIAN_V1,SELL,4128.10,4126.65,🟢 ASIAN_V1 İZ SÜREN TP,1.3900,-1.7400
2026-10-08 04:14:41,ASIAN_V1,BUY,4126.60,4126.01,🔴 ASIAN_V1 SL,-0.6500,-2.3900
2026-10-08 04:15:38,ASIAN_V1,BUY,4123.69,4123.09,🔴 ASIAN_V1 SL,-0.6600,-3.0500
2026-10-08 04:16:57,ASIAN_V1,BUY,4123.81,4123.90,🟢 ASIAN_V1 KÂR KİLİDİ,0.0300,-3.0200
2026-10-08 04:17:47,ASIAN_V1,SELL,4126.13,4126.08,🟢 ASIAN_V1 KÂR KİLİDİ,-0.0100,-3.0300
2026-10-08 04:18:43,ASIAN_V1,BUY,4127.97,4127.27,🔴 ASIAN_V1 SL,-0.7600,-3.7900
2026-10-08 04:20:15,ASIAN_V1,SELL,4127.77,4127.71,🟢 ASIAN_V1 KÂR KİLİDİ,0.0000,-3.7900
2026-10-08 04:21:20,ASIAN_V1,BUY,4125.42,4124.38,🔴 ASIAN_V1 SL,-1.1000,-4.8900
2026-10-08 04:21:59,ASIAN_V1,BUY,4124.78,4124.21,🔴 ASIAN_V1 SL,-0.6300,-5.5200
2026-10-08 04:23:07,ASIAN_V1,BUY,4123.30,4123.85,🟢 ASIAN_V1 İZ SÜREN TP,0.4900,-5.0300
2026-10-08 04:24:19,ASIAN_V1,SELL,4125.14,4124.19,🟢 ASIAN_V1 İZ SÜREN TP,0.8900,-4.1400
2026-10-08 04:25:00,ASIAN_V1,SELL,4127.54,4128.28,🔴 ASIAN_V1 SL,-0.8000,-4.9400
2026-10-08 04:26:05,ASIAN_V1,BUY,4131.16,4132.65,🟢 ASIAN_V1 İZ SÜREN TP,1.4300,-3.5100
2026-10-08 04:27:24,ASIAN_V1,SELL,4132.73,4132.06,🟢 ASIAN_V1 İZ SÜREN TP,0.6100,-2.9000
2026-10-08 04:28:04,ASIAN_V1,SELL,4131.27,4130.70,🟢 ASIAN_V1 İZ SÜREN TP,0.5100,-2.3900
2026-10-08 04:29:51,ASIAN_V1,BUY,4131.71,4132.25,🟢 ASIAN_V1 İZ SÜREN TP,0.4800,-1.9100
2026-10-08 04:30:22,ASIAN_V1,BUY,4132.46,4133.40,🟢 ASIAN_V1 İZ SÜREN TP,0.8800,-1.0300
2026-10-08 04:31:33,ASIAN_V1,SELL,4132.19,4131.99,🟢 ASIAN_V1 KÂR KİLİDİ,0.1400,-0.8900
2026-10-08 04:32:21,ASIAN_V1,SELL,4131.41,4131.23,🟢 ASIAN_V1 KÂR KİLİDİ,0.1200,-0.7700
2026-10-08 04:33:09,ASIAN_V1,SELL,4132.03,4133.03,🔴 ASIAN_V1 SL,-1.0600,-1.8300
2026-10-08 04:34:24,ASIAN_V1,BUY,4134.33,4133.70,🔴 ASIAN_V1 SL,-0.6900,-2.5200
2026-10-08 04:35:30,ASIAN_V1,BUY,4135.33,4136.28,🟢 ASIAN_V1 İZ SÜREN TP,0.8900,-1.6300
2026-10-08 04:36:20,ASIAN_V1,BUY,4137.70,4137.79,🟢 ASIAN_V1 KÂR KİLİDİ,0.0300,-1.6000
2026-10-08 04:37:22,ASIAN_V1,BUY,4137.46,4136.82,🔴 ASIAN_V1 SL,-0.7000,-2.3000
2026-10-08 04:38:35,ASIAN_V1,BUY,4135.90,4136.09,🟢 ASIAN_V1 KÂR KİLİDİ,0.1300,-2.1700
2026-10-08 04:39:31,ASIAN_V1,BUY,4136.57,4135.77,🔴 ASIAN_V1 SL,-0.8600,-3.0300
2026-10-08 04:40:32,ASIAN_V1,BUY,4137.29,4136.68,🔴 ASIAN_V1 SL,-0.6700,-3.7000
2026-10-08 04:41:43,ASIAN_V1,SELL,4136.31,4136.13,🟢 ASIAN_V1 KÂR KİLİDİ,0.1200,-3.5800
2026-10-08 04:43:03,ASIAN_V1,SELL,4135.40,4134.70,🟢 ASIAN_V1 İZ SÜREN TP,0.6400,-2.9400
2026-10-08 04:43:59,ASIAN_V1,SELL,4134.75,4135.31,🔴 ASIAN_V1 SL,-0.6200,-3.5600
2026-10-08 04:45:07,ASIAN_V1,SELL,4135.94,4135.08,🟢 ASIAN_V1 İZ SÜREN TP,0.8000,-2.7600
2026-10-08 04:45:56,ASIAN_V1,SELL,4134.16,4133.28,🟢 ASIAN_V1 İZ SÜREN TP,0.8200,-1.9400
2026-10-08 04:46:53,ASIAN_V1,SELL,4136.42,4137.26,🔴 ASIAN_V1 SL,-0.9000,-2.8400
2026-10-08 04:48:04,ASIAN_V1,BUY,4138.85,4138.20,🔴 ASIAN_V1 SL,-0.7100,-3.5500
2026-10-08 04:49:14,ASIAN_V1,BUY,4139.36,4139.44,🟢 ASIAN_V1 İZ SÜREN TP,0.0200,-3.5300
2026-10-08 04:50:17,ASIAN_V1,BUY,4140.64,4140.07,🔴 ASIAN_V1 SL,-0.6300,-4.1600
2026-10-08 04:51:33,ASIAN_V1,SELL,4137.50,4137.01,🟢 ASIAN_V1 İZ SÜREN TP,0.4300,-3.7300
2026-10-08 04:53:38,ASIAN_V1,BUY,4137.12,4136.56,🔴 ASIAN_V1 SL,-0.6200,-4.3500
2026-10-08 04:53:59,ASIAN_V1,SELL,4137.28,4137.39,🟢 ASIAN_V1 KÂR KİLİDİ,-0.1700,-4.5200
2026-10-08 04:54:39,ASIAN_V1,SELL,4137.12,4136.79,🟢 ASIAN_V1 İZ SÜREN TP,0.2700,-4.2500
2026-10-08 04:55:21,ASIAN_V1,BUY,4136.01,4135.34,🔴 ASIAN_V1 SL,-0.7300,-4.9800
2026-10-08 04:57:02,ASIAN_V1,SELL,4136.82,4136.71,🟢 ASIAN_V1 KÂR KİLİDİ,0.0500,-4.9300
2026-10-08 04:58:13,ASIAN_V1,BUY,4137.62,4136.87,🔴 ASIAN_V1 SL,-0.8100,-5.7400
2026-10-08 04:59:06,ASIAN_V1,SELL,4136.60,4136.30,🟢 ASIAN_V1 İZ SÜREN TP,0.2400,-5.5000
2026-10-08 05:00:54,ASIAN_V1,SELL,4136.18,4136.80,🔴 ASIAN_V1 SL,-0.6800,-6.1800
2026-10-08 05:01:22,ASIAN_V1,BUY,4137.50,4137.68,🟢 ASIAN_V1 KÂR KİLİDİ,0.1200,-6.0600
2026-10-08 05:02:01,ASIAN_V1,SELL,4137.85,4138.44,🔴 ASIAN_V1 SL,-0.6500,-6.7100
2026-10-08 05:03:07,ASIAN_V1,SELL,4138.28,4139.02,🔴 ASIAN_V1 SL,-0.8000,-7.5100
2026-10-08 05:05:07,ASIAN_V1,BUY,4140.78,4141.54,🟢 ASIAN_V1 İZ SÜREN TP,0.7000,-6.8100
2026-10-08 05:05:36,ASIAN_V1,BUY,4141.84,4141.20,🔴 ASIAN_V1 SL,-0.7000,-7.5100
2026-10-08 05:06:58,ASIAN_V1,SELL,4141.84,4141.74,🟢 ASIAN_V1 KÂR KİLİDİ,0.0400,-7.4700
2026-10-08 05:07:57,ASIAN_V1,SELL,4141.44,4141.29,🟢 ASIAN_V1 KÂR KİLİDİ,0.0900,-7.3800
2026-10-08 05:10:04,ASIAN_V1,BUY,4140.82,4141.84,🟢 ASIAN_V1 İZ SÜREN TP,0.9600,-6.4200
2026-10-08 05:11:18,ASIAN_V1,BUY,4142.04,4141.45,🔴 ASIAN_V1 SL,-0.6500,-7.0700
2026-10-08 05:12:09,ASIAN_V1,BUY,4141.46,4140.83,🔴 ASIAN_V1 SL,-0.6900,-7.7600
2026-10-08 05:12:13,ASIAN_V1,SELL,4141.84,4141.19,🟢 ASIAN_V1 İZ SÜREN TP,0.5900,-7.1700
2026-10-08 05:12:58,ASIAN_V1,SELL,4141.44,4142.05,🔴 ASIAN_V1 SL,-0.6700,-7.8400
2026-10-08 05:14:35,ASIAN_V1,SELL,4142.11,4142.04,🟢 ASIAN_V1 KÂR KİLİDİ,0.0100,-7.8300
2026-10-08 05:14:59,ASIAN_V1,BUY,4141.49,4141.62,🟢 ASIAN_V1 KÂR KİLİDİ,0.0700,-7.7600
2026-10-08 05:16:01,ASIAN_V1,SELL,4141.80,4142.49,🔴 ASIAN_V1 SL,-0.7500,-8.5100
2026-10-08 05:17:02,ASIAN_V1,SELL,4143.29,4142.04,🟢 ASIAN_V1 İZ SÜREN TP,1.1900,-7.3200
2026-10-08 05:19:36,ASIAN_V1,BUY,4142.37,4142.54,🟢 ASIAN_V1 KÂR KİLİDİ,0.1100,-7.2100
2026-10-08 05:20:04,ASIAN_V1,BUY,4142.94,4142.26,🔴 ASIAN_V1 SL,-0.7400,-7.9500
2026-10-08 05:21:11,ASIAN_V1,BUY,4142.44,4141.58,🔴 ASIAN_V1 SL,-0.9200,-8.8700
2026-10-08 05:21:29,ASIAN_V1,SELL,4141.58,4141.39,🟢 ASIAN_V1 KÂR KİLİDİ,0.1300,-8.7400
2026-10-08 05:24:05,ASIAN_V1,SELL,4141.20,4139.75,🟢 ASIAN_V1 İZ SÜREN TP,1.3900,-7.3500
2026-10-08 05:24:05,ASIAN_V1,SELL,4140.93,4139.75,🟢 ASIAN_V1 İZ SÜREN TP,1.1200,-6.2300
2026-10-08 05:24:34,ASIAN_V1,SELL,4140.37,4140.46,🟢 ASIAN_V1 KÂR KİLİDİ,-0.1500,-6.3800
2026-10-08 05:25:54,ASIAN_V1,SELL,4140.18,4140.94,🔴 ASIAN_V1 SL,-0.8200,-7.2000
2026-10-08 05:26:44,ASIAN_V1,BUY,4141.83,4141.20,🔴 ASIAN_V1 SL,-0.6900,-7.8900
2026-10-08 05:27:47,ASIAN_V1,SELL,4141.00,4141.86,🔴 ASIAN_V1 SL,-0.9200,-8.8100
2026-10-08 05:29:31,ASIAN_V1,SELL,4141.39,4140.78,🟢 ASIAN_V1 İZ SÜREN TP,0.5500,-8.2600
2026-10-08 05:30:03,ASIAN_V1,SELL,4140.64,4140.49,🟢 ASIAN_V1 KÂR KİLİDİ,0.0900,-8.1700
2026-10-08 05:30:57,ASIAN_V1,BUY,4139.55,4140.00,🟢 ASIAN_V1 İZ SÜREN TP,0.3900,-7.7800
2026-10-08 05:32:58,ASIAN_V1,BUY,4140.81,4142.04,🟢 ASIAN_V1 İZ SÜREN TP,1.1700,-6.6100
2026-10-08 05:33:52,ASIAN_V1,BUY,4142.23,4144.32,🟢 ASIAN_V1 İZ SÜREN TP,2.0300,-4.5800
2026-10-08 05:34:59,ASIAN_V1,BUY,4144.44,4145.63,🟢 ASIAN_V1 İZ SÜREN TP,1.1300,-3.4500
2026-10-08 05:34:59,ASIAN_V1,BUY,4144.77,4145.63,🟢 ASIAN_V1 İZ SÜREN TP,0.8000,-2.6500
2026-10-08 05:36:00,ASIAN_V1,SELL,4144.66,4144.47,🟢 ASIAN_V1 KÂR KİLİDİ,0.1300,-2.5200
2026-10-08 05:37:36,ASIAN_V1,BUY,4144.54,4145.22,🟢 ASIAN_V1 İZ SÜREN TP,0.6200,-1.9000
2026-10-08 05:38:31,ASIAN_V1,SELL,4145.12,4144.96,🟢 ASIAN_V1 KÂR KİLİDİ,0.1000,-1.8000
2026-10-08 05:39:13,ASIAN_V1,SELL,4144.79,4143.12,🟢 ASIAN_V1 İZ SÜREN TP,1.6100,-0.1900
2026-10-08 05:40:35,ASIAN_V1,BUY,4143.85,4143.27,🔴 ASIAN_V1 SL,-0.6400,-0.8300
2026-10-08 05:41:49,ASIAN_V1,SELL,4142.05,4142.04,🟢 ASIAN_V1 KÂR KİLİDİ,-0.0500,-0.8800
2026-10-08 05:42:11,ASIAN_V1,SELL,4142.66,4143.26,🔴 ASIAN_V1 SL,-0.6600,-1.5400
2026-10-08 05:43:15,ASIAN_V1,BUY,4144.99,4144.42,🔴 ASIAN_V1 SL,-0.6300,-2.1700
2026-10-08 05:45:11,ASIAN_V1,BUY,4145.30,4146.28,🟢 ASIAN_V1 İZ SÜREN TP,0.9200,-1.2500
2026-10-08 05:45:42,ASIAN_V1,BUY,4146.29,4145.67,🔴 ASIAN_V1 SL,-0.6800,-1.9300
2026-10-08 05:47:39,ASIAN_V1,SELL,4145.06,4143.84,🟢 ASIAN_V1 İZ SÜREN TP,1.1600,-0.7700
2026-10-08 05:48:02,ASIAN_V1,SELL,4144.07,4144.07,🟢 ASIAN_V1 KÂR KİLİDİ,-0.0600,-0.8300
2026-10-08 05:49:41,ASIAN_V1,SELL,4143.11,4141.76,🟢 ASIAN_V1 İZ SÜREN TP,1.2900,0.4600
2026-10-08 05:50:03,ASIAN_V1,SELL,4142.19,4141.12,🟢 ASIAN_V1 İZ SÜREN TP,1.0100,1.4700
2026-10-08 05:51:42,ASIAN_V1,SELL,4140.50,4139.16,🟢 ASIAN_V1 İZ SÜREN TP,1.2800,2.7500
2026-10-08 05:52:36,ASIAN_V1,SELL,4139.46,4138.17,🟢 ASIAN_V1 İZ SÜREN TP,1.2300,3.9800
2026-10-08 05:52:36,ASIAN_V1,SELL,4138.29,4138.17,🟢 ASIAN_V1 KÂR KİLİDİ,0.0600,4.0400
2026-10-08 05:53:51,ASIAN_V1,SELL,4136.43,4137.19,🔴 ASIAN_V1 SL,-0.8200,3.2200
2026-10-08 05:55:05,ASIAN_V1,SELL,4136.90,4135.82,🟢 ASIAN_V1 İZ SÜREN TP,1.0200,4.2400
2026-10-08 05:55:58,ASIAN_V1,BUY,4137.02,4136.40,🔴 ASIAN_V1 SL,-0.6800,3.5600
2026-10-08 05:56:48,ASIAN_V1,SELL,4135.74,4136.56,🔴 ASIAN_V1 SL,-0.8800,2.6800
2026-10-08 05:58:09,ASIAN_V1,SELL,4136.33,4136.27,🟢 ASIAN_V1 KÂR KİLİDİ,-0.0000,2.6800
2026-10-08 06:00:17,ASIAN_V1,BUY,4136.54,4137.38,🟢 ASIAN_V1 İZ SÜREN TP,0.7800,3.4600
2026-10-08 06:00:17,ASIAN_V1,BUY,4136.77,4137.38,🟢 ASIAN_V1 İZ SÜREN TP,0.5500,4.0100
2026-10-08 06:01:39,ASIAN_V1,SELL,4138.98,4137.80,🟢 ASIAN_V1 İZ SÜREN TP,1.1200,5.1300
2026-10-08 06:02:14,ASIAN_V1,SELL,4137.69,4138.31,🔴 ASIAN_V1 SL,-0.6800,4.4500
2026-10-08 06:03:08,ASIAN_V1,SELL,4137.34,4137.95,🔴 ASIAN_V1 SL,-0.6700,3.7800
2026-10-08 06:04:16,ASIAN_V1,SELL,4138.56,4138.67,🟢 ASIAN_V1 KÂR KİLİDİ,-0.1700,3.6100
2026-10-08 06:05:54,ASIAN_V1,BUY,4136.98,4137.16,🟢 ASIAN_V1 KÂR KİLİDİ,0.1200,3.7300
2026-10-08 06:06:45,ASIAN_V1,SELL,4136.97,4136.35,🟢 ASIAN_V1 İZ SÜREN TP,0.5600,4.2900
2026-10-08 06:07:46,ASIAN_V1,SELL,4136.96,4136.38,🟢 ASIAN_V1 İZ SÜREN TP,0.5200,4.8100
2026-10-08 06:09:26,ASIAN_V1,SELL,4135.80,4135.72,🟢 ASIAN_V1 KÂR KİLİDİ,0.0200,4.8300
2026-10-08 06:09:26,ASIAN_V1,SELL,4135.00,4135.72,🔴 ASIAN_V1 SL,-0.7800,4.0500
2026-10-08 06:12:08,ASIAN_V1,SELL,4133.58,4132.57,🟢 ASIAN_V1 İZ SÜREN TP,0.9500,5.0000
2026-10-08 06:12:20,ASIAN_V1,SELL,4133.03,4133.22,🟢 ASIAN_V1 KÂR KİLİDİ,-0.2500,4.7500
2026-10-08 06:13:01,ASIAN_V1,BUY,4133.22,4132.59,🔴 ASIAN_V1 SL,-0.6900,4.0600
2026-10-08 06:13:58,ASIAN_V1,BUY,4134.02,4133.40,🔴 ASIAN_V1 SL,-0.6800,3.3800
2026-10-08 06:15:54,ASIAN_V1,BUY,4132.07,4132.92,🟢 ASIAN_V1 İZ SÜREN TP,0.7900,4.1700
2026-10-08 06:17:10,ASIAN_V1,BUY,4133.04,4132.41,🔴 ASIAN_V1 SL,-0.6900,3.4800
2026-10-08 06:17:15,ASIAN_V1,SELL,4133.03,4132.88,🟢 ASIAN_V1 KÂR KİLİDİ,0.0900,3.5700
2026-10-08 06:19:05,ASIAN_V1,BUY,4133.16,4134.97,🟢 ASIAN_V1 İZ SÜREN TP,1.7500,5.3200
2026-10-08 06:20:40,ASIAN_V1,SELL,4134.61,4135.26,🔴 ASIAN_V1 SL,-0.7100,4.6100
2026-10-08 06:21:03,ASIAN_V1,BUY,4135.13,4136.20,🟢 ASIAN_V1 İZ SÜREN TP,1.0100,5.6200
2026-10-08 06:21:03,ASIAN_V1,BUY,4135.89,4135.94,🟢 ASIAN_V1 KÂR KİLİDİ,-0.0100,5.6100
2026-10-08 06:23:34,ASIAN_V1,BUY,4136.93,4140.08,🟢 ASIAN_V1 İZ SÜREN TP,3.0900,8.7000
2026-10-08 06:23:34,ASIAN_V1,BUY,4138.72,4140.08,🟢 ASIAN_V1 İZ SÜREN TP,1.3000,10.0000
2026-10-08 06:24:12,ASIAN_V1,BUY,4140.03,4139.99,🟢 ASIAN_V1 KÂR KİLİDİ,-0.1000,9.9000
2026-10-08 06:25:22,ASIAN_V1,SELL,4137.72,4138.39,🔴 ASIAN_V1 SL,-0.7300,9.1700
2026-10-08 06:26:30,ASIAN_V1,SELL,4135.99,4135.07,🟢 ASIAN_V1 İZ SÜREN TP,0.8600,10.0300
2026-10-08 06:27:46,ASIAN_V1,SELL,4135.85,4136.60,🔴 ASIAN_V1 SL,-0.8100,9.2200
2026-10-08 06:28:43,ASIAN_V1,SELL,4137.37,4137.43,🟢 ASIAN_V1 KÂR KİLİDİ,-0.1200,9.1000
2026-10-08 06:30:14,ASIAN_V1,SELL,4138.34,4139.08,🔴 ASIAN_V1 SL,-0.8000,8.3000
2026-10-08 06:31:21,ASIAN_V1,BUY,4139.10,4139.72,🟢 ASIAN_V1 İZ SÜREN TP,0.5600,8.8600
2026-10-08 06:32:18,ASIAN_V1,BUY,4139.61,4139.72,🟢 ASIAN_V1 KÂR KİLİDİ,0.0500,8.9100
2026-10-08 06:32:55,ASIAN_V1,BUY,4139.73,4138.96,🔴 ASIAN_V1 SL,-0.8300,8.0800
2026-10-08 06:33:55,ASIAN_V1,BUY,4138.39,4137.80,🔴 ASIAN_V1 SL,-0.6500,7.4300
2026-10-08 06:36:37,ASIAN_V1,BUY,4138.04,4139.52,🟢 ASIAN_V1 İZ SÜREN TP,1.4200,8.8500
2026-10-08 06:36:39,ASIAN_V1,BUY,4139.12,4139.31,🟢 ASIAN_V1 KÂR KİLİDİ,0.1300,8.9800
2026-10-08 06:37:41,ASIAN_V1,SELL,4139.31,4139.93,🔴 ASIAN_V1 SL,-0.6800,8.3000
2026-10-08 06:38:09,ASIAN_V1,SELL,4140.65,4141.26,🔴 ASIAN_V1 SL,-0.6700,7.6300
2026-10-08 06:40:50,ASIAN_V1,BUY,4141.93,4141.25,🔴 ASIAN_V1 SL,-0.7400,6.8900
2026-10-08 06:41:30,ASIAN_V1,SELL,4142.11,4140.55,🟢 ASIAN_V1 İZ SÜREN TP,1.5000,8.3900
2026-10-08 06:41:30,ASIAN_V1,SELL,4140.72,4140.55,🟢 ASIAN_V1 KÂR KİLİDİ,0.1100,8.5000
2026-10-08 06:42:43,ASIAN_V1,BUY,4141.28,4140.64,🔴 ASIAN_V1 SL,-0.7000,7.8000
2026-10-08 06:45:29,ASIAN_V1,BUY,4140.00,4141.04,🟢 ASIAN_V1 İZ SÜREN TP,0.9800,8.7800
2026-10-08 06:45:44,ASIAN_V1,SELL,4140.93,4141.53,🔴 ASIAN_V1 SL,-0.6600,8.1200
2026-10-08 06:46:00,ASIAN_V1,SELL,4141.03,4141.63,🔴 ASIAN_V1 SL,-0.6600,7.4600
2026-10-08 06:47:42,ASIAN_V1,BUY,4141.91,4142.39,🟢 ASIAN_V1 İZ SÜREN TP,0.4200,7.8800
2026-10-08 06:48:56,ASIAN_V1,SELL,4142.86,4143.07,🟢 ASIAN_V1 KÂR KİLİDİ,-0.2700,7.6100
2026-10-08 06:50:24,ASIAN_V1,BUY,4143.39,4143.45,🟢 ASIAN_V1 KÂR KİLİDİ,-0.0000,7.6100
2026-10-08 06:50:37,ASIAN_V1,SELL,4143.72,4143.71,🟢 ASIAN_V1 KÂR KİLİDİ,-0.0500,7.5600
2026-10-08 06:53:00,ASIAN_V1,SELL,4142.99,4141.23,🟢 ASIAN_V1 İZ SÜREN TP,1.7000,9.2600
2026-10-08 06:54:09,ASIAN_V1,SELL,4141.53,4141.38,🟢 ASIAN_V1 KÂR KİLİDİ,0.0900,9.3500
2026-10-08 06:55:27,ASIAN_V1,SELL,4141.30,4139.94,🟢 ASIAN_V1 İZ SÜREN TP,1.3000,10.6500
2026-10-08 06:55:27,ASIAN_V1,SELL,4140.92,4139.94,🟢 ASIAN_V1 İZ SÜREN TP,0.9200,11.5700
2026-10-08 06:58:35,ASIAN_V1,SELL,4139.63,4140.25,🔴 ASIAN_V1 SL,-0.6800,10.8900
2026-10-08 06:58:35,ASIAN_V1,SELL,4139.66,4140.25,🔴 ASIAN_V1 SL,-0.6500,10.2400
2026-10-08 06:58:36,ASIAN_V1,SELL,4139.74,4140.33,🔴 ASIAN_V1 SL,-0.6500,9.5900
2026-10-08 07:00:28,ASIAN_V1,SELL,4140.28,4140.83,🔴 ASIAN_V1 SL,-0.6100,8.9800
2026-10-08 07:02:31,ASIAN_V1,BUY,4140.69,4140.85,🟢 ASIAN_V1 KÂR KİLİDİ,0.1000,9.0800
2026-10-08 07:02:52,ASIAN_V1,SELL,4141.36,4141.17,🟢 ASIAN_V1 KÂR KİLİDİ,0.1300,9.2100
2026-10-08 07:04:22,ASIAN_V1,SELL,4140.85,4141.42,🔴 ASIAN_V1 SL,-0.6300,8.5800
2026-10-08 07:04:22,ASIAN_V1,SELL,4140.82,4141.42,🔴 ASIAN_V1 SL,-0.6600,7.9200
2026-10-08 07:06:12,ASIAN_V1,SELL,4140.97,4141.59,🔴 ASIAN_V1 SL,-0.6800,7.2400
2026-10-08 07:07:05,ASIAN_V1,BUY,4141.49,4142.29,🟢 ASIAN_V1 İZ SÜREN TP,0.7400,7.9800
2026-10-08 07:08:40,ASIAN_V1,SELL,4142.58,4143.25,🔴 ASIAN_V1 SL,-0.7300,7.2500
2026-10-08 07:10:09,ASIAN_V1,BUY,4143.14,4143.71,🟢 ASIAN_V1 İZ SÜREN TP,0.5100,7.7600
2026-10-08 07:10:29,ASIAN_V1,SELL,4143.90,4144.58,🔴 ASIAN_V1 SL,-0.7400,7.0200
2026-10-08 07:11:17,ASIAN_V1,BUY,4145.34,4144.58,🔴 ASIAN_V1 SL,-0.8200,6.2000
2026-10-08 07:13:20,ASIAN_V1,SELL,4143.64,4143.03,🟢 ASIAN_V1 İZ SÜREN TP,0.5500,6.7500
2026-10-08 07:15:22,ASIAN_V1,SELL,4143.03,4140.98,🟢 ASIAN_V1 İZ SÜREN TP,1.9900,8.7400
2026-10-08 07:15:22,ASIAN_V1,SELL,4142.07,4140.98,🟢 ASIAN_V1 İZ SÜREN TP,1.0300,9.7700
2026-10-08 07:16:16,ASIAN_V1,SELL,4141.03,4141.82,🔴 ASIAN_V1 SL,-0.8500,8.9200
2026-10-08 07:20:02,ASIAN_V1,SELL,4141.39,4140.00,🟢 ASIAN_V1 İZ SÜREN TP,1.3300,10.2500
2026-10-08 07:20:02,ASIAN_V1,SELL,4140.56,4140.00,🟢 ASIAN_V1 İZ SÜREN TP,0.5000,10.7500
2026-10-08 07:20:02,ASIAN_V1,SELL,4140.18,4140.00,🟢 ASIAN_V1 KÂR KİLİDİ,0.1200,10.8700
2026-10-08 07:20:27,ASIAN_V1,SELL,4140.28,4139.32,🟢 ASIAN_V1 İZ SÜREN TP,0.9000,11.7700
2026-10-08 07:21:19,ASIAN_V1,BUY,4138.57,4137.98,🔴 ASIAN_V1 SL,-0.6500,11.1200
2026-10-08 07:23:01,ASIAN_V1,BUY,4138.38,4137.74,🔴 ASIAN_V1 SL,-0.7000,10.4200
2026-10-08 07:23:52,ASIAN_V1,SELL,4138.05,4137.33,🟢 ASIAN_V1 İZ SÜREN TP,0.6600,11.0800
2026-10-08 07:25:01,ASIAN_V1,SELL,4137.23,4137.86,🔴 ASIAN_V1 SL,-0.6900,10.3900
2026-10-08 07:25:17,ASIAN_V1,SELL,4137.49,4138.24,🔴 ASIAN_V1 SL,-0.8100,9.5800
2026-10-08 07:28:47,ASIAN_V1,BUY,4138.53,4139.33,🟢 ASIAN_V1 İZ SÜREN TP,0.7400,10.3200
2026-10-08 07:31:54,ASIAN_V1,SELL,4139.35,4138.86,🟢 ASIAN_V1 İZ SÜREN TP,0.4300,10.7500
2026-10-08 07:32:23,ASIAN_V1,BUY,4138.93,4138.26,🔴 ASIAN_V1 SL,-0.7300,10.0200
2026-10-08 07:32:38,ASIAN_V1,SELL,4139.29,4138.60,🟢 ASIAN_V1 İZ SÜREN TP,0.6300,10.6500
2026-10-08 07:35:29,ASIAN_V1,SELL,4138.49,4136.79,🟢 ASIAN_V1 İZ SÜREN TP,1.6400,12.2900
2026-10-08 07:35:29,ASIAN_V1,SELL,4138.59,4136.79,🟢 ASIAN_V1 İZ SÜREN TP,1.7400,14.0300
2026-10-08 07:35:29,ASIAN_V1,SELL,4137.69,4136.79,🟢 ASIAN_V1 İZ SÜREN TP,0.8400,14.8700
2026-10-08 07:36:12,ASIAN_V1,SELL,4136.78,4135.95,🟢 ASIAN_V1 İZ SÜREN TP,0.7700,15.6400
2026-10-08 07:38:30,ASIAN_V1,SELL,4135.98,4135.91,🟢 ASIAN_V1 KÂR KİLİDİ,0.0100,15.6500
2026-10-08 07:40:43,ASIAN_V1,SELL,4135.73,4135.53,🟢 ASIAN_V1 KÂR KİLİDİ,0.1400,15.7900
2026-10-08 07:41:11,ASIAN_V1,SELL,4135.44,4134.74,🟢 ASIAN_V1 İZ SÜREN TP,0.6400,16.4300
2026-10-08 07:41:11,ASIAN_V1,SELL,4135.43,4134.74,🟢 ASIAN_V1 İZ SÜREN TP,0.6300,17.0600
2026-10-08 07:41:11,ASIAN_V1,SELL,4135.72,4134.74,🟢 ASIAN_V1 İZ SÜREN TP,0.9200,17.9800
2026-10-08 07:44:17,ASIAN_V1,SELL,4134.98,4135.69,🔴 ASIAN_V1 SL,-0.7700,17.2100
2026-10-08 07:44:17,ASIAN_V1,SELL,4135.09,4135.69,🔴 ASIAN_V1 SL,-0.6600,16.5500
2026-10-08 07:44:18,ASIAN_V1,SELL,4135.31,4135.89,🔴 ASIAN_V1 SL,-0.6400,15.9100
2026-10-08 07:45:32,ASIAN_V1,SELL,4135.51,4136.18,🔴 ASIAN_V1 SL,-0.7300,15.1800
2026-10-08 07:46:22,ASIAN_V1,SELL,4136.83,4137.47,🔴 ASIAN_V1 SL,-0.7000,14.4800
2026-10-08 07:49:13,ASIAN_V1,SELL,4137.36,4137.37,🟢 ASIAN_V1 KÂR KİLİDİ,-0.0700,14.4100
2026-10-08 07:49:13,ASIAN_V1,SELL,4136.67,4137.37,🔴 ASIAN_V1 SL,-0.7600,13.6500
2026-10-08 07:50:01,ASIAN_V1,SELL,4137.64,4138.32,🔴 ASIAN_V1 SL,-0.7400,12.9100
2026-10-08 07:52:48,ASIAN_V1,SELL,4138.47,4137.71,🟢 ASIAN_V1 İZ SÜREN TP,0.7000,13.6100
2026-10-08 07:52:49,ASIAN_V1,SELL,4138.00,4137.85,🟢 ASIAN_V1 KÂR KİLİDİ,0.0900,13.7000
2026-10-08 07:55:29,ASIAN_V1,SELL,4137.35,4138.16,🔴 ASIAN_V1 SL,-0.8700,12.8300
2026-10-08 07:56:02,ASIAN_V1,SELL,4137.67,4138.22,🔴 ASIAN_V1 SL,-0.6100,12.2200
2026-10-08 07:57:28,ASIAN_V1,SELL,4138.15,4137.98,🟢 ASIAN_V1 KÂR KİLİDİ,0.1100,12.3300
2026-10-08 07:58:04,ASIAN_V1,SELL,4138.04,4138.65,🔴 ASIAN_V1 SL,-0.6700,11.6600
2026-10-08 07:58:08,ASIAN_V1,BUY,4137.86,4138.39,🟢 ASIAN_V1 İZ SÜREN TP,0.4700,12.1300
2026-10-08 08:00:39,ASIAN_V1,SELL,4138.38,4136.11,🟢 ASIAN_V1 İZ SÜREN TP,2.2100,14.3400
2026-10-08 08:01:23,ASIAN_V1,SELL,4136.46,4135.11,🟢 ASIAN_V1 İZ SÜREN TP,1.2900,15.6300
2026-10-08 08:01:31,ASIAN_V1,SELL,4135.08,4135.74,🔴 ASIAN_V1 SL,-0.7200,14.9100
2026-10-08 08:04:57,ASIAN_V1,SELL,4136.29,4136.85,🔴 ASIAN_V1 SL,-0.6200,14.2900
2026-10-08 08:04:57,ASIAN_V1,SELL,4136.31,4136.93,🔴 ASIAN_V1 SL,-0.6800,13.6100
2026-10-08 08:05:33,ASIAN_V1,SELL,4137.19,4137.75,🔴 ASIAN_V1 SL,-0.6200,12.9900
2026-10-08 08:06:24,ASIAN_V1,BUY,4136.05,4138.56,🟢 ASIAN_V1 İZ SÜREN TP,2.4500,15.4400
2026-10-08 08:06:27,ASIAN_V1,BUY,4138.62,4138.04,🔴 ASIAN_V1 SL,-0.6400,14.8000
2026-10-08 08:09:07,ASIAN_V1,SELL,4137.64,4137.02,🟢 ASIAN_V1 İZ SÜREN TP,0.5600,15.3600
2026-10-08 08:09:07,ASIAN_V1,SELL,4137.78,4137.02,🟢 ASIAN_V1 İZ SÜREN TP,0.7000,16.0600
2026-10-08 08:10:03,ASIAN_V1,SELL,4137.38,4138.16,🔴 ASIAN_V1 SL,-0.8400,15.2200
2026-10-08 08:10:25,ASIAN_V1,SELL,4138.25,4138.13,🟢 ASIAN_V1 KÂR KİLİDİ,0.0600,15.2800
2026-10-08 08:12:37,ASIAN_V1,BUY,4138.99,4138.38,🔴 ASIAN_V1 SL,-0.6700,14.6100
2026-10-08 08:15:07,ASIAN_V1,SELL,4138.24,4136.55,🟢 ASIAN_V1 İZ SÜREN TP,1.6300,16.2400
2026-10-08 08:16:21,ASIAN_V1,SELL,4136.20,4136.98,🔴 ASIAN_V1 SL,-0.8400,15.4000
2026-10-08 08:16:21,ASIAN_V1,SELL,4136.34,4136.98,🔴 ASIAN_V1 SL,-0.7000,14.7000
2026-10-08 08:18:15,ASIAN_V1,BUY,4135.57,4134.74,🔴 ASIAN_V1 SL,-0.8900,13.8100
2026-10-08 08:18:19,ASIAN_V1,SELL,4136.63,4135.08,🟢 ASIAN_V1 İZ SÜREN TP,1.4900,15.3000
2026-10-08 08:18:19,ASIAN_V1,SELL,4136.33,4135.08,🟢 ASIAN_V1 İZ SÜREN TP,1.1900,16.4900
2026-10-08 08:21:20,ASIAN_V1,BUY,4135.53,4134.85,🔴 ASIAN_V1 SL,-0.7400,15.7500
2026-10-08 08:21:38,ASIAN_V1,BUY,4135.39,4134.81,🔴 ASIAN_V1 SL,-0.6400,15.1100
2026-10-08 08:23:04,ASIAN_V1,SELL,4135.02,4134.58,🟢 ASIAN_V1 İZ SÜREN TP,0.3800,15.4900
2026-10-08 08:23:10,ASIAN_V1,SELL,4134.04,4134.59,🔴 ASIAN_V1 SL,-0.6100,14.8800
2026-10-08 08:25:18,ASIAN_V1,BUY,4133.89,4133.30,🔴 ASIAN_V1 SL,-0.6500,14.2300
2026-10-08 08:25:25,ASIAN_V1,BUY,4133.59,4132.90,🔴 ASIAN_V1 SL,-0.7500,13.4800
2026-10-08 08:27:12,ASIAN_V1,SELL,4132.84,4133.63,🔴 ASIAN_V1 SL,-0.8500,12.6300
2026-10-08 08:27:39,ASIAN_V1,BUY,4133.09,4133.11,🟢 ASIAN_V1 KÂR KİLİDİ,-0.0400,12.5900
2026-10-08 08:29:25,ASIAN_V1,SELL,4133.11,4132.35,🟢 ASIAN_V1 İZ SÜREN TP,0.7000,13.2900
2026-10-08 08:30:03,ASIAN_V1,SELL,4132.04,4130.64,🟢 ASIAN_V1 İZ SÜREN TP,1.3400,14.6300
2026-10-08 08:30:35,ASIAN_V1,SELL,4129.48,4128.58,🟢 ASIAN_V1 İZ SÜREN TP,0.8400,15.4700
2026-10-08 08:31:18,ASIAN_V1,SELL,4129.97,4130.72,🔴 ASIAN_V1 SL,-0.8100,14.6600
2026-10-08 08:32:55,ASIAN_V1,BUY,4131.12,4133.43,🟢 ASIAN_V1 İZ SÜREN TP,2.2500,16.9100
2026-10-08 08:33:39,ASIAN_V1,BUY,4132.09,4135.03,🟢 ASIAN_V1 İZ SÜREN TP,2.8800,19.7900
2026-10-08 08:34:35,ASIAN_V1,BUY,4135.44,4134.67,🔴 ASIAN_V1 SL,-0.8300,18.9600
2026-10-08 08:35:34,ASIAN_V1,BUY,4135.03,4135.66,🟢 ASIAN_V1 İZ SÜREN TP,0.5700,19.5300
2026-10-08 08:36:40,ASIAN_V1,SELL,4134.61,4133.71,🟢 ASIAN_V1 İZ SÜREN TP,0.8400,20.3700
2026-10-08 08:37:29,ASIAN_V1,SELL,4133.32,4133.87,🔴 ASIAN_V1 SL,-0.6100,19.7600
2026-10-08 08:38:44,ASIAN_V1,SELL,4133.09,4132.17,🟢 ASIAN_V1 İZ SÜREN TP,0.8600,20.6200
2026-10-08 08:40:10,ASIAN_V1,BUY,4132.61,4132.79,🟢 ASIAN_V1 KÂR KİLİDİ,0.1200,20.7400
2026-10-08 08:40:55,ASIAN_V1,BUY,4133.02,4132.46,🔴 ASIAN_V1 SL,-0.6200,20.1200
2026-10-08 08:41:36,ASIAN_V1,BUY,4133.67,4133.04,🔴 ASIAN_V1 SL,-0.6900,19.4300
2026-10-08 08:42:43,ASIAN_V1,SELL,4134.06,4134.62,🔴 ASIAN_V1 SL,-0.6200,18.8100
2026-10-08 08:44:11,ASIAN_V1,SELL,4133.89,4132.39,🟢 ASIAN_V1 İZ SÜREN TP,1.4400,20.2500
2026-10-08 08:45:14,ASIAN_V1,SELL,4130.15,4130.72,🔴 ASIAN_V1 SL,-0.6300,19.6200
2026-10-08 08:46:23,ASIAN_V1,SELL,4130.02,4127.73,🟢 ASIAN_V1 İZ SÜREN TP,2.2300,21.8500
2026-10-08 08:47:04,ASIAN_V1,SELL,4127.84,4128.39,🔴 ASIAN_V1 SL,-0.6100,21.2400
2026-10-08 08:47:52,ASIAN_V1,SELL,4127.72,4128.48,🔴 ASIAN_V1 SL,-0.8200,20.4200
2026-10-08 08:49:38,ASIAN_V1,SELL,4129.15,4129.93,🔴 ASIAN_V1 SL,-0.8400,19.5800
2026-10-08 08:50:10,ASIAN_V1,BUY,4129.43,4129.30,🟢 ASIAN_V1 KÂR KİLİDİ,-0.1900,19.3900
2026-10-08 08:51:30,ASIAN_V1,SELL,4127.73,4126.49,🟢 ASIAN_V1 İZ SÜREN TP,1.1800,20.5700
2026-10-08 08:52:07,ASIAN_V1,SELL,4124.71,4124.06,🟢 ASIAN_V1 İZ SÜREN TP,0.5900,21.1600
2026-10-08 08:53:02,ASIAN_V1,SELL,4124.27,4124.13,🟢 ASIAN_V1 KÂR KİLİDİ,0.0800,21.2400
2026-10-08 08:54:27,ASIAN_V1,SELL,4121.83,4121.75,🟢 ASIAN_V1 KÂR KİLİDİ,0.0200,21.2600
2026-10-08 08:55:20,ASIAN_V1,SELL,4122.21,4122.09,🟢 ASIAN_V1 KÂR KİLİDİ,0.0600,21.3200
2026-10-08 08:56:15,ASIAN_V1,BUY,4121.66,4121.00,🔴 ASIAN_V1 SL,-0.7200,20.6000
2026-10-08 08:57:18,ASIAN_V1,SELL,4121.84,4121.68,🟢 ASIAN_V1 KÂR KİLİDİ,0.1000,20.7000
2026-10-08 08:58:40,ASIAN_V1,SELL,4122.19,4122.13,🟢 ASIAN_V1 KÂR KİLİDİ,-0.0000,20.7000
2026-10-08 08:59:13,ASIAN_V1,SELL,4121.99,4122.68,🔴 ASIAN_V1 SL,-0.7500,19.9500
2026-10-08 09:01:47,DAY_V2,BUY,4123.64,4123.62,🟢 DAY_V2 KÂR KİLİDİ,-0.0800,19.8700
2026-10-08 09:06:04,DAY_V2,SELL,4123.33,4124.52,🔴 DAY_V2 SL,-1.2500,18.6200
2026-10-08 09:06:15,DAY_V2,BUY,4123.35,4124.33,🟢 DAY_V2 İZ SÜREN TP,0.9200,19.5400
2026-10-08 09:07:57,DAY_V2,BUY,4123.58,4123.70,🟢 DAY_V2 KÂR KİLİDİ,0.0600,19.6000
2026-10-08 09:10:56,DAY_V2,SELL,4124.90,4124.67,🟢 DAY_V2 KÂR KİLİDİ,0.1700,19.7700
2026-10-08 09:11:36,DAY_V2,SELL,4123.76,4125.00,🔴 DAY_V2 SL,-1.3000,18.4700
2026-10-08 09:13:45,DAY_V2,SELL,4124.11,4125.23,🔴 DAY_V2 SL,-1.1800,17.2900
2026-10-08 09:15:25,DAY_V2,BUY,4125.75,4124.75,🔴 DAY_V2 SL,-1.0600,16.2300
2026-10-08 09:17:26,DAY_V2,BUY,4124.17,4125.27,🟢 DAY_V2 İZ SÜREN TP,1.0400,17.2700
2026-10-08 09:19:12,DAY_V2,BUY,4124.89,4123.84,🔴 DAY_V2 SL,-1.1100,16.1600
2026-10-08 09:20:56,DAY_V2,SELL,4123.19,4121.90,🟢 DAY_V2 İZ SÜREN TP,1.2300,17.3900
2026-10-08 09:22:51,DAY_V2,SELL,4121.61,4122.75,🔴 DAY_V2 SL,-1.2000,16.1900
2026-10-08 09:25:05,DAY_V2,SELL,4121.72,4121.81,🟢 DAY_V2 KÂR KİLİDİ,-0.1500,16.0400
2026-10-08 09:26:45,DAY_V2,SELL,4121.23,4119.64,🟢 DAY_V2 İZ SÜREN TP,1.5300,17.5700
2026-10-08 09:28:36,DAY_V2,SELL,4120.23,4120.18,🟢 DAY_V2 KÂR KİLİDİ,-0.0100,17.5600
2026-10-08 09:29:59,DAY_V2,BUY,4121.19,4120.16,🔴 DAY_V2 SL,-1.0900,16.4700
2026-10-08 09:32:25,DAY_V2,BUY,4120.03,4120.97,🟢 DAY_V2 İZ SÜREN TP,0.8800,17.3500
2026-10-08 09:34:16,DAY_V2,SELL,4120.87,4119.68,🟢 DAY_V2 İZ SÜREN TP,1.1300,18.4800
2026-10-08 09:37:34,DAY_V2,SELL,4119.66,4119.54,🟢 DAY_V2 KÂR KİLİDİ,0.0600,18.5400
2026-10-08 09:38:46,DAY_V2,BUY,4119.01,4121.46,🟢 DAY_V2 İZ SÜREN TP,2.3900,20.9300
2026-10-08 09:41:03,DAY_V2,BUY,4121.14,4123.38,🟢 DAY_V2 İZ SÜREN TP,2.1800,23.1100
2026-10-08 09:42:07,DAY_V2,BUY,4123.90,4125.53,🟢 DAY_V2 İZ SÜREN TP,1.5700,24.6800
2026-10-08 09:45:38,DAY_V2,BUY,4126.75,4129.68,🟢 DAY_V2 İZ SÜREN TP,2.8700,27.5500
2026-10-08 09:45:38,DAY_V2,BUY,4128.60,4129.68,🟢 DAY_V2 İZ SÜREN TP,1.0200,28.5700
2026-10-08 09:46:36,DAY_V2,BUY,4130.24,4129.23,🔴 DAY_V2 SL,-1.0700,27.5000
2026-10-08 09:48:25,DAY_V2,SELL,4127.47,4128.59,🔴 DAY_V2 SL,-1.1800,26.3200
2026-10-08 09:51:30,DAY_V2,BUY,4128.96,4129.54,🟢 DAY_V2 İZ SÜREN TP,0.5200,26.8400
2026-10-08 09:52:20,DAY_V2,BUY,4128.86,4127.85,🔴 DAY_V2 SL,-1.0700,25.7700
2026-10-08 09:55:03,DAY_V2,BUY,4129.39,4128.30,🔴 DAY_V2 SL,-1.1500,24.6200
2026-10-08 09:57:05,DAY_V2,SELL,4126.88,4127.95,🔴 DAY_V2 SL,-1.1300,23.4900
2026-10-08 09:59:41,DAY_V2,BUY,4127.40,4126.32,🔴 DAY_V2 SL,-1.1400,22.3500
2026-10-08 10:00:05,DAY_V2,BUY,4125.86,4124.83,🔴 DAY_V2 SL,-1.0900,21.2600
2026-10-08 10:02:36,DAY_V2,SELL,4123.56,4124.79,🔴 DAY_V2 SL,-1.2900,19.9700
2026-10-08 10:04:01,DAY_V2,SELL,4124.29,4124.09,🟢 DAY_V2 KÂR KİLİDİ,0.1400,20.1100
2026-10-08 10:06:43,DAY_V2,SELL,4125.05,4124.11,🟢 DAY_V2 İZ SÜREN TP,0.8800,20.9900
2026-10-08 10:07:57,DAY_V2,BUY,4126.85,4127.53,🟢 DAY_V2 İZ SÜREN TP,0.6200,21.6100
2026-10-08 10:09:47,DAY_V2,SELL,4127.23,4128.36,🔴 DAY_V2 SL,-1.1900,20.4200
2026-10-08 10:11:08,DAY_V2,BUY,4129.53,4128.46,🔴 DAY_V2 SL,-1.1300,19.2900
2026-10-08 10:13:13,DAY_V2,SELL,4128.32,4129.41,🔴 DAY_V2 SL,-1.1500,18.1400
2026-10-08 10:15:54,DAY_V2,SELL,4128.73,4127.92,🟢 DAY_V2 İZ SÜREN TP,0.7500,18.8900
2026-10-08 10:19:32,DAY_V2,BUY,4130.51,4129.39,🔴 DAY_V2 SL,-1.1800,17.7100
2026-10-08 10:19:52,DAY_V2,SELL,4130.08,4130.46,🟢 DAY_V2 KÂR KİLİDİ,-0.4400,17.2700
2026-10-08 10:21:08,DAY_V2,SELL,4131.39,4132.56,🔴 DAY_V2 SL,-1.2300,16.0400
2026-10-08 10:24:02,DAY_V2,BUY,4133.53,4133.64,🟢 DAY_V2 KÂR KİLİDİ,0.0500,16.0900
2026-10-08 10:25:10,DAY_V2,BUY,4133.24,4132.14,🔴 DAY_V2 SL,-1.1600,14.9300
2026-10-08 10:27:52,DAY_V2,BUY,4130.91,4129.84,🔴 DAY_V2 SL,-1.1300,13.8000
2026-10-08 10:30:41,DAY_V2,BUY,4129.73,4128.56,🔴 DAY_V2 SL,-1.2300,12.5700
2026-10-08 10:30:50,DAY_V2,SELL,4129.45,4129.20,🟢 DAY_V2 KÂR KİLİDİ,0.1900,12.7600
2026-10-08 10:32:17,DAY_V2,BUY,4128.33,4127.30,🔴 DAY_V2 SL,-1.0900,11.6700
2026-10-08 10:34:01,DAY_V2,SELL,4124.84,4125.88,🔴 DAY_V2 SL,-1.1000,10.5700
2026-10-08 10:36:41,DAY_V2,SELL,4125.49,4124.63,🟢 DAY_V2 İZ SÜREN TP,0.8000,11.3700
2026-10-08 10:39:07,DAY_V2,BUY,4126.98,4125.87,🔴 DAY_V2 SL,-1.1700,10.2000
2026-10-08 10:41:43,DAY_V2,BUY,4125.64,4125.78,🟢 DAY_V2 KÂR KİLİDİ,0.0800,10.2800
2026-10-08 10:42:50,DAY_V2,BUY,4126.53,4125.49,🔴 DAY_V2 SL,-1.1000,9.1800
2026-10-08 10:43:58,DAY_V2,BUY,4125.23,4124.21,🔴 DAY_V2 SL,-1.0800,8.1000
2026-10-08 10:47:01,DAY_V2,SELL,4123.72,4124.76,🔴 DAY_V2 SL,-1.1000,7.0000
2026-10-08 10:47:59,DAY_V2,BUY,4125.09,4123.93,🔴 DAY_V2 SL,-1.2200,5.7800
2026-10-08 10:50:06,DAY_V2,SELL,4124.09,4125.25,🔴 DAY_V2 SL,-1.2200,4.5600
2026-10-08 10:52:19,DAY_V2,BUY,4124.88,4125.81,🟢 DAY_V2 İZ SÜREN TP,0.8700,5.4300
2026-10-08 10:54:30,DAY_V2,BUY,4125.86,4126.08,🟢 DAY_V2 KÂR KİLİDİ,0.1600,5.5900
2026-10-08 10:56:38,DAY_V2,BUY,4125.71,4124.32,🔴 DAY_V2 SL,-1.4500,4.1400
2026-10-08 11:00:56,DAY_V2,SELL,4124.51,4124.29,🟢 DAY_V2 KÂR KİLİDİ,0.1600,4.3000
2026-10-08 11:00:56,DAY_V2,SELL,4124.40,4124.29,🟢 DAY_V2 KÂR KİLİDİ,0.0500,4.3500
2026-10-08 11:01:33,DAY_V2,BUY,4124.31,4125.65,🟢 DAY_V2 İZ SÜREN TP,1.2800,5.6300
2026-10-08 11:04:39,DAY_V2,BUY,4126.00,4131.17,🟢 DAY_V2 İZ SÜREN TP,5.1100,10.7400
2026-10-08 11:04:39,DAY_V2,BUY,4129.34,4131.17,🟢 DAY_V2 İZ SÜREN TP,1.7700,12.5100
2026-10-08 11:06:18,DAY_V2,SELL,4133.27,4133.08,🟢 DAY_V2 KÂR KİLİDİ,0.1300,12.6400
2026-10-08 11:08:45,DAY_V2,BUY,4132.04,4130.94,🔴 DAY_V2 SL,-1.1600,11.4800
2026-10-08 11:11:01,DAY_V2,BUY,4131.74,4130.72,🔴 DAY_V2 SL,-1.0800,10.4000
2026-10-08 11:13:27,DAY_V2,BUY,4129.66,4132.84,🟢 DAY_V2 İZ SÜREN TP,3.1200,13.5200
2026-10-08 11:14:10,DAY_V2,SELL,4132.84,4132.08,🟢 DAY_V2 İZ SÜREN TP,0.7000,14.2200
2026-10-08 11:17:03,DAY_V2,SELL,4133.22,4134.41,🔴 DAY_V2 SL,-1.2500,12.9700
2026-10-08 11:18:52,DAY_V2,BUY,4133.51,4132.33,🔴 DAY_V2 SL,-1.2400,11.7300
2026-10-08 11:19:38,DAY_V2,BUY,4133.75,4133.84,🟢 DAY_V2 KÂR KİLİDİ,0.0300,11.7600
2026-10-08 11:22:42,DAY_V2,BUY,4132.50,4131.44,🔴 DAY_V2 SL,-1.1200,10.6400
2026-10-08 11:23:18,DAY_V2,SELL,4131.82,4132.98,🔴 DAY_V2 SL,-1.2200,9.4200
2026-10-08 11:25:13,DAY_V2,SELL,4133.69,4134.69,🔴 DAY_V2 SL,-1.0600,8.3600
2026-10-08 11:29:33,DAY_V2,SELL,4134.19,4133.32,🟢 DAY_V2 İZ SÜREN TP,0.8100,9.1700
2026-10-08 11:30:02,DAY_V2,BUY,4132.95,4135.08,🟢 DAY_V2 İZ SÜREN TP,2.0700,11.2400
2026-10-08 11:31:20,DAY_V2,BUY,4132.10,4135.06,🟢 DAY_V2 İZ SÜREN TP,2.9000,14.1400
2026-10-08 11:35:48,DAY_V2,SELL,4130.76,4131.81,🔴 DAY_V2 SL,-1.1100,13.0300
2026-10-08 11:35:54,DAY_V2,BUY,4130.13,4131.56,🟢 DAY_V2 İZ SÜREN TP,1.3700,14.4000
2026-10-08 11:39:00,DAY_V2,BUY,4130.40,4129.32,🔴 DAY_V2 SL,-1.1400,13.2600
2026-10-08 11:41:43,DAY_V2,SELL,4130.88,4126.73,🟢 DAY_V2 İZ SÜREN TP,4.0900,17.3500
2026-10-08 11:41:43,DAY_V2,SELL,4127.82,4126.73,🟢 DAY_V2 İZ SÜREN TP,1.0300,18.3800
2026-10-08 11:43:25,DAY_V2,BUY,4127.60,4128.93,🟢 DAY_V2 İZ SÜREN TP,1.2700,19.6500
2026-10-08 11:44:22,DAY_V2,BUY,4128.67,4128.90,🟢 DAY_V2 KÂR KİLİDİ,0.1700,19.8200
2026-10-08 11:47:02,DAY_V2,BUY,4130.01,4130.94,🟢 DAY_V2 İZ SÜREN TP,0.8700,20.6900
2026-10-08 11:48:17,DAY_V2,BUY,4131.21,4130.12,🔴 DAY_V2 SL,-1.1500,19.5400
2026-10-08 11:52:06,DAY_V2,BUY,4131.43,4131.41,🟢 DAY_V2 KÂR KİLİDİ,-0.0800,19.4600
2026-10-08 11:53:45,DAY_V2,BUY,4131.74,4130.53,🔴 DAY_V2 SL,-1.2700,18.1900
2026-10-08 11:55:35,DAY_V2,SELL,4131.27,4132.35,🔴 DAY_V2 SL,-1.1400,17.0500
2026-10-08 11:58:08,DAY_V2,BUY,4132.73,4131.65,🔴 DAY_V2 SL,-1.1400,15.9100
2026-10-08 12:00:08,DAY_V2,BUY,4131.63,4130.60,🔴 DAY_V2 SL,-1.0900,14.8200
2026-10-08 12:00:17,DAY_V2,SELL,4131.35,4131.34,🟢 DAY_V2 KÂR KİLİDİ,-0.0500,14.7700
2026-10-08 12:02:34,DAY_V2,SELL,4133.79,4134.87,🔴 DAY_V2 SL,-1.1400,13.6300
2026-10-08 12:04:21,DAY_V2,SELL,4134.24,4135.38,🔴 DAY_V2 SL,-1.2000,12.4300
2026-10-08 12:05:49,DAY_V2,BUY,4134.47,4133.45,🔴 DAY_V2 SL,-1.0800,11.3500
2026-10-08 12:10:49,DAY_V2,BUY,4133.12,4132.06,🔴 DAY_V2 SL,-1.1200,10.2300
2026-10-08 12:11:49,DAY_V2,BUY,4133.04,4131.81,🔴 DAY_V2 SL,-1.2900,8.9400
2026-10-08 12:11:49,DAY_V2,BUY,4132.86,4131.81,🔴 DAY_V2 SL,-1.1100,7.8300
2026-10-08 12:15:52,DAY_V2,SELL,4131.53,4129.02,🟢 DAY_V2 İZ SÜREN TP,2.4500,10.2800
2026-10-08 12:16:17,DAY_V2,SELL,4129.30,4128.16,🟢 DAY_V2 İZ SÜREN TP,1.0800,11.3600
2026-10-08 12:17:32,DAY_V2,SELL,4128.01,4129.07,🔴 DAY_V2 SL,-1.1200,10.2400
2026-10-08 12:20:22,DAY_V2,BUY,4129.88,4128.55,🔴 DAY_V2 SL,-1.3900,8.8500
2026-10-08 12:22:03,DAY_V2,SELL,4128.76,4128.69,🟢 DAY_V2 KÂR KİLİDİ,0.0100,8.8600
2026-10-08 12:23:33,DAY_V2,SELL,4128.64,4129.72,🔴 DAY_V2 SL,-1.1400,7.7200
2026-10-08 12:27:56,DAY_V2,SELL,4128.29,4129.40,🔴 DAY_V2 SL,-1.1700,6.5500
2026-10-08 12:28:30,DAY_V2,BUY,4128.21,4129.49,🟢 DAY_V2 İZ SÜREN TP,1.2200,7.7700
2026-10-08 12:29:55,DAY_V2,BUY,4129.03,4129.24,🟢 DAY_V2 KÂR KİLİDİ,0.1500,7.9200
2026-10-08 12:32:18,DAY_V2,SELL,4127.17,4128.23,🔴 DAY_V2 SL,-1.1200,6.8000
2026-10-08 12:32:57,DAY_V2,BUY,4127.60,4127.53,🟢 DAY_V2 KÂR KİLİDİ,-0.1300,6.6700
2026-10-08 12:34:45,DAY_V2,BUY,4126.33,4125.17,🔴 DAY_V2 SL,-1.2200,5.4500
2026-10-08 12:38:23,DAY_V2,BUY,4127.56,4126.31,🔴 DAY_V2 SL,-1.3100,4.1400
2026-10-08 12:39:06,DAY_V2,BUY,4126.56,4127.33,🟢 DAY_V2 İZ SÜREN TP,0.7100,4.8500
2026-10-08 12:41:58,DAY_V2,BUY,4126.55,4125.52,🔴 DAY_V2 SL,-1.0900,3.7600
2026-10-08 12:45:00,DAY_V2,SELL,4126.49,4125.01,🟢 DAY_V2 İZ SÜREN TP,1.4200,5.1800
2026-10-08 12:45:57,DAY_V2,SELL,4124.52,4125.66,🔴 DAY_V2 SL,-1.2000,3.9800
2026-10-08 12:47:44,DAY_V2,BUY,4125.47,4125.67,🟢 DAY_V2 KÂR KİLİDİ,0.1400,4.1200
2026-10-08 12:51:17,DAY_V2,BUY,4126.29,4125.10,🔴 DAY_V2 SL,-1.2500,2.8700
2026-10-08 12:51:20,DAY_V2,BUY,4125.84,4124.62,🔴 DAY_V2 SL,-1.2800,1.5900
2026-10-08 12:53:40,DAY_V2,BUY,4126.39,4126.53,🟢 DAY_V2 KÂR KİLİDİ,0.0800,1.6700
2026-10-08 12:55:16,DAY_V2,BUY,4126.81,4126.72,🟢 DAY_V2 KÂR KİLİDİ,-0.1500,1.5200
2026-10-08 12:56:50,DAY_V2,BUY,4127.37,4127.53,🟢 DAY_V2 KÂR KİLİDİ,0.1000,1.6200
2026-10-08 13:00:54,DAY_V2,BUY,4127.61,4126.61,🔴 DAY_V2 SL,-1.0600,0.5600
2026-10-08 13:03:10,DAY_V2,BUY,4127.60,4127.67,🟢 DAY_V2 KÂR KİLİDİ,0.0100,0.5700
2026-10-08 13:03:58,DAY_V2,BUY,4127.98,4126.87,🔴 DAY_V2 SL,-1.1700,-0.6000
2026-10-08 13:06:19,DAY_V2,SELL,4126.95,4128.18,🔴 DAY_V2 SL,-1.2900,-1.8900
2026-10-08 13:07:35,DAY_V2,BUY,4128.18,4129.82,🟢 DAY_V2 İZ SÜREN TP,1.5800,-0.3100
2026-10-08 13:08:51,DAY_V2,BUY,4130.14,4130.39,🟢 DAY_V2 KÂR KİLİDİ,0.1900,-0.1200
2026-10-08 13:11:48,DAY_V2,BUY,4127.44,4127.26,🟢 DAY_V2 KÂR KİLİDİ,-0.2400,-0.3600
2026-10-08 13:14:22,DAY_V2,SELL,4126.96,4128.00,🔴 DAY_V2 SL,-1.1000,-1.4600
2026-10-08 13:16:07,DAY_V2,SELL,4127.53,4128.62,🔴 DAY_V2 SL,-1.1500,-2.6100
2026-10-08 13:19:20,DAY_V2,BUY,4126.96,4125.96,🔴 DAY_V2 SL,-1.0600,-3.6700
2026-10-08 13:19:52,DAY_V2,SELL,4127.73,4125.43,🟢 DAY_V2 İZ SÜREN TP,2.2400,-1.4300
2026-10-08 13:20:04,DAY_V2,SELL,4125.76,4125.63,🟢 DAY_V2 KÂR KİLİDİ,0.0700,-1.3600
2026-10-08 13:23:02,DAY_V2,BUY,4126.65,4125.58,🔴 DAY_V2 SL,-1.1300,-2.4900
2026-10-08 13:24:16,DAY_V2,SELL,4126.03,4125.89,🟢 DAY_V2 KÂR KİLİDİ,0.0800,-2.4100
2026-10-08 13:26:06,DAY_V2,BUY,4122.23,4121.19,🔴 DAY_V2 SL,-1.1000,-3.5100
2026-10-08 13:27:33,DAY_V2,SELL,4121.82,4123.22,🔴 DAY_V2 SL,-1.4600,-4.9700
2026-10-08 13:30:26,DAY_V2,BUY,4122.63,4122.68,🟢 DAY_V2 KÂR KİLİDİ,-0.0100,-4.9800
2026-10-08 13:32:34,DAY_V2,BUY,4121.00,4120.00,🔴 DAY_V2 SL,-1.0600,-6.0400
2026-10-08 13:34:20,DAY_V2,SELL,4120.07,4118.27,🟢 DAY_V2 İZ SÜREN TP,1.7400,-4.3000
2026-10-08 13:37:26,DAY_V2,BUY,4116.84,4115.83,🔴 DAY_V2 SL,-1.0700,-5.3700
2026-10-08 13:37:41,DAY_V2,SELL,4116.82,4115.99,🟢 DAY_V2 İZ SÜREN TP,0.7700,-4.6000
2026-10-08 13:39:15,DAY_V2,BUY,4116.48,4114.92,🔴 DAY_V2 SL,-1.6200,-6.2200
2026-10-08 13:40:57,DAY_V2,BUY,4115.52,4115.58,🟢 DAY_V2 KÂR KİLİDİ,-0.0000,-6.2200
2026-10-08 13:43:38,DAY_V2,BUY,4114.91,4116.00,🟢 DAY_V2 İZ SÜREN TP,1.0300,-5.1900
2026-10-08 13:44:58,DAY_V2,BUY,4116.36,4119.12,🟢 DAY_V2 İZ SÜREN TP,2.7000,-2.4900
2026-10-08 13:47:08,DAY_V2,BUY,4121.36,4121.91,🟢 DAY_V2 İZ SÜREN TP,0.4900,-2.0000
2026-10-08 13:48:37,DAY_V2,BUY,4122.18,4122.19,🟢 DAY_V2 KÂR KİLİDİ,-0.0500,-2.0500
2026-10-08 13:52:12,DAY_V2,BUY,4121.59,4126.84,🟢 DAY_V2 İZ SÜREN TP,5.1900,3.1400
2026-10-08 13:53:00,DAY_V2,BUY,4126.85,4125.66,🔴 DAY_V2 SL,-1.2500,1.8900
2026-10-08 13:55:11,DAY_V2,BUY,4123.69,4123.89,🟢 DAY_V2 KÂR KİLİDİ,0.1400,2.0300
2026-10-08 13:58:18,DAY_V2,SELL,4125.41,4124.24,🟢 DAY_V2 İZ SÜREN TP,1.1100,3.1400
2026-10-08 13:58:54,DAY_V2,BUY,4123.57,4124.68,🟢 DAY_V2 İZ SÜREN TP,1.0500,4.1900
2026-10-08 14:00:25,DAY_V2,BUY,4126.35,4125.19,🔴 DAY_V2 SL,-1.2200,2.9700
2026-10-08 14:02:17,DAY_V2,BUY,4124.01,4124.20,🟢 DAY_V2 KÂR KİLİDİ,0.1300,3.1000
2026-10-08 14:04:07,DAY_V2,BUY,4123.09,4122.02,🔴 DAY_V2 SL,-1.1300,1.9700
2026-10-08 14:06:16,DAY_V2,SELL,4121.04,4120.80,🟢 DAY_V2 KÂR KİLİDİ,0.1800,2.1500
2026-10-08 14:10:56,DAY_V2,SELL,4120.29,4120.09,🟢 DAY_V2 KÂR KİLİDİ,0.1400,2.2900
2026-10-08 14:12:26,DAY_V2,SELL,4119.58,4120.69,🔴 DAY_V2 SL,-1.1700,1.1200
2026-10-08 14:13:11,DAY_V2,BUY,4120.03,4120.74,🟢 DAY_V2 İZ SÜREN TP,0.6500,1.7700
2026-10-08 14:14:05,DAY_V2,BUY,4120.57,4121.71,🟢 DAY_V2 İZ SÜREN TP,1.0800,2.8500
2026-10-08 14:15:56,DAY_V2,BUY,4122.22,4124.11,🟢 DAY_V2 İZ SÜREN TP,1.8300,4.6800
2026-10-08 14:17:47,DAY_V2,BUY,4125.52,4125.72,🟢 DAY_V2 KÂR KİLİDİ,0.1400,4.8200
2026-10-08 14:19:26,DAY_V2,BUY,4125.10,4124.08,🔴 DAY_V2 SL,-1.0800,3.7400
2026-10-08 14:22:07,DAY_V2,BUY,4124.58,4124.72,🟢 DAY_V2 KÂR KİLİDİ,0.0800,3.8200
2026-10-08 14:24:18,DAY_V2,BUY,4124.94,4125.04,🟢 DAY_V2 KÂR KİLİDİ,0.0400,3.8600
2026-10-08 14:25:34,DAY_V2,BUY,4125.66,4127.13,🟢 DAY_V2 İZ SÜREN TP,1.4100,5.2700
2026-10-08 14:30:42,DAY_V2,BUY,4127.26,4127.41,🟢 DAY_V2 KÂR KİLİDİ,0.0900,5.3600
2026-10-08 14:30:52,DAY_V2,BUY,4126.79,4126.77,🟢 DAY_V2 KÂR KİLİDİ,-0.0800,5.2800
2026-10-08 14:31:29,DAY_V2,SELL,4127.95,4127.10,🟢 DAY_V2 İZ SÜREN TP,0.7900,6.0700
2026-10-08 14:32:30,DAY_V2,SELL,4126.47,4127.56,🔴 DAY_V2 SL,-1.1500,4.9200
2026-10-08 14:34:25,DAY_V2,BUY,4127.39,4126.20,🔴 DAY_V2 SL,-1.2500,3.6700
2026-10-08 14:37:04,DAY_V2,BUY,4124.38,4123.34,🔴 DAY_V2 SL,-1.1000,2.5700
2026-10-08 14:38:09,DAY_V2,BUY,4126.91,4127.02,🟢 DAY_V2 KÂR KİLİDİ,0.0500,2.6200
2026-10-08 14:40:07,DAY_V2,BUY,4129.51,4129.67,🟢 DAY_V2 KÂR KİLİDİ,0.1000,2.7200
2026-10-08 14:42:02,DAY_V2,BUY,4133.07,4131.79,🔴 DAY_V2 SL,-1.3400,1.3800
2026-10-08 14:43:42,DAY_V2,BUY,4128.75,4127.62,🔴 DAY_V2 SL,-1.1900,0.1900
2026-10-08 14:45:45,DAY_V2,SELL,4127.92,4129.04,🔴 DAY_V2 SL,-1.1800,-0.9900
2026-10-08 14:49:16,DAY_V2,SELL,4129.99,4127.93,🟢 DAY_V2 İZ SÜREN TP,2.0000,1.0100
2026-10-08 14:50:05,DAY_V2,SELL,4128.26,4129.48,🔴 DAY_V2 SL,-1.2800,-0.2700
2026-10-08 14:52:02,DAY_V2,BUY,4130.17,4130.32,🟢 DAY_V2 KÂR KİLİDİ,0.0900,-0.1800
2026-10-08 14:54:00,DAY_V2,BUY,4132.27,4132.44,🟢 DAY_V2 KÂR KİLİDİ,0.1100,-0.0700
2026-10-08 14:56:56,DAY_V2,SELL,4132.99,4131.41,🟢 DAY_V2 İZ SÜREN TP,1.5200,1.4500
2026-10-08 14:57:42,DAY_V2,BUY,4131.46,4130.46,🔴 DAY_V2 SL,-1.0600,0.3900
2026-10-08 15:00:35,DAY_V2,SELL,4129.19,4128.99,🟢 DAY_V2 KÂR KİLİDİ,0.1400,0.5300
2026-10-08 15:02:06,DAY_V2,BUY,4128.92,4127.85,🔴 DAY_V2 SL,-1.1300,-0.6000
2026-10-08 15:03:26,DAY_V2,BUY,4130.94,4129.91,🔴 DAY_V2 SL,-1.0900,-1.6900
2026-10-08 15:05:55,DAY_V2,BUY,4129.85,4131.09,🟢 DAY_V2 İZ SÜREN TP,1.1800,-0.5100
2026-10-08 15:08:07,DAY_V2,BUY,4131.51,4132.12,🟢 DAY_V2 İZ SÜREN TP,0.5500,0.0400
2026-10-08 15:10:28,DAY_V2,SELL,4131.73,4129.69,🟢 DAY_V2 İZ SÜREN TP,1.9800,2.0200
2026-10-08 15:11:24,DAY_V2,SELL,4129.25,4129.09,🟢 DAY_V2 KÂR KİLİDİ,0.1000,2.1200
2026-10-08 15:13:31,DAY_V2,BUY,4130.00,4130.25,🟢 DAY_V2 KÂR KİLİDİ,0.1900,2.3100
2026-10-08 15:15:18,DAY_V2,BUY,4129.26,4127.82,🔴 DAY_V2 SL,-1.5000,0.8100
2026-10-08 15:17:43,DAY_V2,BUY,4128.33,4127.10,🔴 DAY_V2 SL,-1.2900,-0.4800
2026-10-08 15:19:04,DAY_V2,SELL,4127.27,4127.13,🟢 DAY_V2 KÂR KİLİDİ,0.0800,-0.4000
2026-10-08 15:20:48,DAY_V2,BUY,4129.91,4131.90,🟢 DAY_V2 İZ SÜREN TP,1.9300,1.5300
2026-10-08 15:22:51,DAY_V2,SELL,4129.41,4129.22,🟢 DAY_V2 KÂR KİLİDİ,0.1300,1.6600
2026-10-08 15:24:44,DAY_V2,BUY,4129.09,4129.99,🟢 DAY_V2 İZ SÜREN TP,0.8400,2.5000
2026-10-08 15:26:31,DAY_V2,SELL,4133.89,4133.22,🟢 DAY_V2 İZ SÜREN TP,0.6100,3.1100
2026-10-08 15:29:24,DAY_V2,BUY,4134.12,4135.95,🟢 DAY_V2 İZ SÜREN TP,1.7700,4.8800
2026-10-08 15:29:58,DAY_V2,BUY,4134.97,4135.09,🟢 DAY_V2 KÂR KİLİDİ,0.0600,4.9400
2026-10-08 15:32:11,DAY_V2,BUY,4127.75,4129.28,🟢 DAY_V2 İZ SÜREN TP,1.4700,6.4100
2026-10-08 15:33:32,DAY_V2,BUY,4129.14,4128.11,🔴 DAY_V2 SL,-1.0900,5.3200
2026-10-08 15:35:47,DAY_V2,BUY,4126.96,4128.72,🟢 DAY_V2 İZ SÜREN TP,1.7000,7.0200
2026-10-08 15:40:11,DAY_V2,BUY,4127.73,4127.65,🟢 DAY_V2 KÂR KİLİDİ,-0.1400,6.8800
2026-10-08 15:41:46,DAY_V2,BUY,4127.86,4127.89,🟢 DAY_V2 KÂR KİLİDİ,-0.0300,6.8500
2026-10-08 15:42:53,DAY_V2,SELL,4127.95,4127.80,🟢 DAY_V2 KÂR KİLİDİ,0.0900,6.9400
2026-10-08 15:43:54,DAY_V2,SELL,4126.98,4126.73,🟢 DAY_V2 KÂR KİLİDİ,0.1900,7.1300
2026-10-08 15:45:34,DAY_V2,SELL,4123.99,4123.77,🟢 DAY_V2 KÂR KİLİDİ,0.1600,7.2900
2026-10-08 15:50:18,DAY_V2,SELL,4123.49,4122.30,🟢 DAY_V2 İZ SÜREN TP,1.1300,8.4200
2026-10-08 15:50:18,DAY_V2,SELL,4124.08,4122.30,🟢 DAY_V2 İZ SÜREN TP,1.7200,10.1400
2026-10-08 15:52:08,DAY_V2,SELL,4122.13,4120.91,🟢 DAY_V2 İZ SÜREN TP,1.1600,11.3000
2026-10-08 15:53:07,DAY_V2,SELL,4119.25,4119.08,🟢 DAY_V2 KÂR KİLİDİ,0.1100,11.4100
2026-10-08 15:54:44,DAY_V2,SELL,4122.14,4123.21,🔴 DAY_V2 SL,-1.1300,10.2800
2026-10-08 15:56:50,DAY_V2,SELL,4121.89,4121.90,🟢 DAY_V2 KÂR KİLİDİ,-0.0700,10.2100
2026-10-08 15:58:35,DAY_V2,BUY,4122.29,4122.35,🟢 DAY_V2 KÂR KİLİDİ,0.0000,10.2100
2026-10-08 16:00:37,DAY_V2,BUY,4121.35,4124.52,🟢 DAY_V2 İZ SÜREN TP,3.1100,13.3200
2026-10-08 16:03:03,DAY_V2,BUY,4121.57,4122.55,🟢 DAY_V2 İZ SÜREN TP,0.9200,14.2400
2026-10-08 16:04:19,DAY_V2,BUY,4124.17,4124.92,🟢 DAY_V2 İZ SÜREN TP,0.6900,14.9300
2026-10-08 16:06:54,DAY_V2,BUY,4126.20,4129.42,🟢 DAY_V2 İZ SÜREN TP,3.1600,18.0900
2026-10-08 16:08:16,DAY_V2,BUY,4130.00,4131.89,🟢 DAY_V2 İZ SÜREN TP,1.8300,19.9200
2026-10-08 16:09:44,DAY_V2,SELL,4128.88,4129.96,🔴 DAY_V2 SL,-1.1400,18.7800
2026-10-08 16:11:49,DAY_V2,BUY,4133.00,4133.01,🟢 DAY_V2 KÂR KİLİDİ,-0.0500,18.7300
2026-10-08 16:13:56,DAY_V2,BUY,4131.72,4131.85,🟢 DAY_V2 KÂR KİLİDİ,0.0700,18.8000
2026-10-08 16:16:11,DAY_V2,SELL,4131.35,4130.62,🟢 DAY_V2 İZ SÜREN TP,0.6700,19.4700
2026-10-08 16:17:07,DAY_V2,SELL,4129.58,4129.33,🟢 DAY_V2 KÂR KİLİDİ,0.1900,19.6600
2026-10-08 16:20:40,DAY_V2,BUY,4128.19,4128.87,🟢 DAY_V2 İZ SÜREN TP,0.6200,20.2800
2026-10-08 16:21:06,DAY_V2,BUY,4129.01,4129.14,🟢 DAY_V2 KÂR KİLİDİ,0.0700,20.3500
2026-10-08 16:23:09,DAY_V2,BUY,4131.15,4131.20,🟢 DAY_V2 KÂR KİLİDİ,-0.0100,20.3400
2026-10-08 16:24:58,DAY_V2,SELL,4128.98,4128.84,🟢 DAY_V2 KÂR KİLİDİ,0.0800,20.4200
2026-10-08 16:27:42,DAY_V2,SELL,4127.48,4126.08,🟢 DAY_V2 İZ SÜREN TP,1.3400,21.7600
2026-10-08 16:28:52,DAY_V2,SELL,4126.04,4127.08,🔴 DAY_V2 SL,-1.1000,20.6600
2026-10-08 16:30:15,DAY_V2,SELL,4128.78,4128.03,🟢 DAY_V2 İZ SÜREN TP,0.6900,21.3500
2026-10-08 16:32:01,DAY_V2,SELL,4133.38,4134.45,🔴 DAY_V2 SL,-1.1300,20.2200
2026-10-08 16:34:14,DAY_V2,SELL,4132.16,4131.29,🟢 DAY_V2 İZ SÜREN TP,0.8100,21.0300
2026-10-08 16:36:45,DAY_V2,BUY,4129.98,4130.85,🟢 DAY_V2 İZ SÜREN TP,0.8100,21.8400
2026-10-08 16:37:44,DAY_V2,SELL,4129.83,4130.93,🔴 DAY_V2 SL,-1.1600,20.6800
2026-10-08 16:40:08,DAY_V2,SELL,4130.94,4130.88,🟢 DAY_V2 KÂR KİLİDİ,-0.0000,20.6800
2026-10-08 16:42:15,DAY_V2,SELL,4127.07,4125.88,🟢 DAY_V2 İZ SÜREN TP,1.1300,21.8100
2026-10-08 16:43:41,DAY_V2,BUY,4128.76,4129.00,🟢 DAY_V2 KÂR KİLİDİ,0.1800,21.9900
2026-10-08 16:45:40,DAY_V2,BUY,4129.82,4130.03,🟢 DAY_V2 KÂR KİLİDİ,0.1500,22.1400
2026-10-08 16:47:28,DAY_V2,SELL,4132.81,4134.13,🔴 DAY_V2 SL,-1.3800,20.7600
2026-10-08 16:49:03,DAY_V2,SELL,4134.30,4134.08,🟢 DAY_V2 KÂR KİLİDİ,0.1600,20.9200
2026-10-08 16:51:09,DAY_V2,BUY,4135.05,4137.12,🟢 DAY_V2 İZ SÜREN TP,2.0100,22.9300
2026-10-08 16:53:12,DAY_V2,BUY,4135.95,4136.12,🟢 DAY_V2 KÂR KİLİDİ,0.1100,23.0400
2026-10-08 16:54:49,DAY_V2,SELL,4134.99,4136.15,🔴 DAY_V2 SL,-1.2200,21.8200
2026-10-08 16:56:38,DAY_V2,SELL,4135.76,4135.54,🟢 DAY_V2 KÂR KİLİDİ,0.1600,21.9800
2026-10-08 16:59:03,DAY_V2,BUY,4135.88,4136.12,🟢 DAY_V2 KÂR KİLİDİ,0.1800,22.1600
2026-10-08 17:00:47,DAY_V2,SELL,4134.57,4133.72,🟢 DAY_V2 İZ SÜREN TP,0.7900,22.9500
2026-10-08 17:02:19,DAY_V2,SELL,4130.41,4131.50,🔴 DAY_V2 SL,-1.1500,21.8000
2026-10-08 17:04:13,DAY_V2,SELL,4129.59,4129.46,🟢 DAY_V2 KÂR KİLİDİ,0.0700,21.8700
2026-10-08 17:06:13,DAY_V2,BUY,4129.46,4130.50,🟢 DAY_V2 İZ SÜREN TP,0.9800,22.8500
2026-10-08 17:08:30,DAY_V2,BUY,4131.30,4130.29,🔴 DAY_V2 SL,-1.0700,21.7800
2026-10-08 17:11:17,DAY_V2,BUY,4129.02,4128.02,🔴 DAY_V2 SL,-1.0600,20.7200
2026-10-08 17:12:15,DAY_V2,BUY,4128.03,4129.12,🟢 DAY_V2 İZ SÜREN TP,1.0300,21.7500
2026-10-08 17:14:48,DAY_V2,SELL,4131.01,4128.80,🟢 DAY_V2 İZ SÜREN TP,2.1500,23.9000
2026-10-08 17:15:16,DAY_V2,SELL,4128.64,4129.64,🔴 DAY_V2 SL,-1.0600,22.8400
2026-10-08 17:17:38,DAY_V2,SELL,4129.07,4131.10,🔴 DAY_V2 SL,-2.0900,20.7500
2026-10-08 17:19:28,DAY_V2,SELL,4134.22,4135.60,🔴 DAY_V2 SL,-1.4400,19.3100
2026-10-08 17:20:58,DAY_V2,BUY,4136.15,4138.26,🟢 DAY_V2 İZ SÜREN TP,2.0500,21.3600
2026-10-08 17:22:57,DAY_V2,SELL,4138.81,4139.81,🔴 DAY_V2 SL,-1.0600,20.3000
2026-10-08 17:25:06,DAY_V2,SELL,4140.13,4139.20,🟢 DAY_V2 İZ SÜREN TP,0.8700,21.1700
2026-10-08 17:26:54,DAY_V2,SELL,4139.66,4138.69,🟢 DAY_V2 İZ SÜREN TP,0.9100,22.0800
2026-10-08 17:28:36,DAY_V2,SELL,4140.27,4141.29,🔴 DAY_V2 SL,-1.0800,21.0000
2026-10-08 17:30:31,DAY_V2,SELL,4140.75,4139.99,🟢 DAY_V2 İZ SÜREN TP,0.7000,21.7000
2026-10-08 17:32:32,DAY_V2,BUY,4141.69,4140.67,🔴 DAY_V2 SL,-1.0800,20.6200
2026-10-08 17:34:55,DAY_V2,BUY,4141.78,4144.57,🟢 DAY_V2 İZ SÜREN TP,2.7300,23.3500
2026-10-08 17:37:12,DAY_V2,SELL,4140.05,4137.61,🟢 DAY_V2 İZ SÜREN TP,2.3800,25.7300
2026-10-08 17:38:46,DAY_V2,SELL,4139.09,4137.59,🟢 DAY_V2 İZ SÜREN TP,1.4400,27.1700
2026-10-08 17:39:51,DAY_V2,SELL,4137.29,4136.03,🟢 DAY_V2 İZ SÜREN TP,1.2000,28.3700
2026-10-08 17:41:50,DAY_V2,SELL,4131.86,4133.01,🔴 DAY_V2 SL,-1.2100,27.1600
2026-10-08 17:43:57,DAY_V2,SELL,4133.06,4132.01,🟢 DAY_V2 İZ SÜREN TP,0.9900,28.1500
2026-10-08 17:45:45,DAY_V2,BUY,4130.51,4129.50,🔴 DAY_V2 SL,-1.0700,27.0800
2026-10-08 17:48:57,DAY_V2,BUY,4128.15,4130.04,🟢 DAY_V2 İZ SÜREN TP,1.8300,28.9100
2026-10-08 17:51:35,DAY_V2,SELL,4130.66,4131.76,🔴 DAY_V2 SL,-1.1600,27.7500
2026-10-08 17:52:39,DAY_V2,BUY,4131.22,4132.08,🟢 DAY_V2 İZ SÜREN TP,0.8000,28.5500
2026-10-08 17:53:21,DAY_V2,BUY,4131.79,4130.69,🔴 DAY_V2 SL,-1.1600,27.3900
2026-10-08 17:54:59,DAY_V2,SELL,4129.20,4130.24,🔴 DAY_V2 SL,-1.1000,26.2900
2026-10-08 17:56:56,DAY_V2,BUY,4129.75,4130.00,🟢 DAY_V2 KÂR KİLİDİ,0.1900,26.4800
2026-10-08 18:00:00,DAY_V2,BUY,4130.35,4129.02,🔴 DAY_V2 SL,-1.3900,25.0900
2026-10-08 18:01:04,NIGHT_V3,SELL,4127.46,4127.34,🟢 NIGHT_V3 KÂR KİLİDİ,0.0600,25.1500
2026-10-08 18:03:11,NIGHT_V3,BUY,4125.96,4125.91,🟢 NIGHT_V3 KÂR KİLİDİ,-0.1100,25.0400
2026-10-08 18:05:55,NIGHT_V3,SELL,4125.41,4125.20,🟢 NIGHT_V3 KÂR KİLİDİ,0.1500,25.1900
2026-10-08 18:07:28,NIGHT_V3,SELL,4123.85,4124.96,🔴 NIGHT_V3 SL,-1.1700,24.0200
2026-10-08 18:10:57,NIGHT_V3,SELL,4123.60,4122.13,🟢 NIGHT_V3 İZ SÜREN TP,1.4100,25.4300
2026-10-08 18:15:00,NIGHT_V3,BUY,4121.46,4120.32,🔴 NIGHT_V3 SL,-1.2000,24.2300
2026-10-08 18:15:23,NIGHT_V3,SELL,4121.43,4118.81,🟢 NIGHT_V3 İZ SÜREN TP,2.5600,26.7900
2026-10-08 18:17:01,NIGHT_V3,BUY,4119.92,4120.17,🟢 NIGHT_V3 KÂR KİLİDİ,0.1900,26.9800
2026-10-08 18:22:21,NIGHT_V3,BUY,4119.42,4120.93,🟢 NIGHT_V3 İZ SÜREN TP,1.4500,28.4300
2026-10-08 18:22:21,NIGHT_V3,BUY,4120.02,4120.93,🟢 NIGHT_V3 İZ SÜREN TP,0.8500,29.2800
2026-10-08 18:24:45,NIGHT_V3,SELL,4120.41,4119.75,🟢 NIGHT_V3 İZ SÜREN TP,0.6000,29.8800
2026-10-08 18:28:02,NIGHT_V3,SELL,4119.70,4120.84,🔴 NIGHT_V3 SL,-1.2000,28.6800
2026-10-08 18:29:03,NIGHT_V3,BUY,4121.70,4121.88,🟢 NIGHT_V3 KÂR KİLİDİ,0.1200,28.8000
2026-10-08 18:31:33,NIGHT_V3,SELL,4120.53,4118.56,🟢 NIGHT_V3 İZ SÜREN TP,1.9100,30.7100
2026-10-08 18:33:22,NIGHT_V3,SELL,4119.16,4120.18,🔴 NIGHT_V3 SL,-1.0800,29.6300
2026-10-08 18:36:51,NIGHT_V3,SELL,4120.07,4119.18,🟢 NIGHT_V3 İZ SÜREN TP,0.8300,30.4600
2026-10-08 18:37:44,NIGHT_V3,BUY,4119.86,4120.84,🟢 NIGHT_V3 İZ SÜREN TP,0.9200,31.3800
2026-10-08 18:43:22,NIGHT_V3,SELL,4122.46,4121.80,🟢 NIGHT_V3 İZ SÜREN TP,0.6000,31.9800
2026-10-08 18:45:42,NIGHT_V3,SELL,4120.89,4120.88,🟢 NIGHT_V3 KÂR KİLİDİ,-0.0500,31.9300
2026-10-08 18:47:36,NIGHT_V3,BUY,4119.81,4121.05,🟢 NIGHT_V3 İZ SÜREN TP,1.1800,33.1100
2026-10-08 18:49:29,NIGHT_V3,SELL,4119.14,4118.40,🟢 NIGHT_V3 İZ SÜREN TP,0.6800,33.7900
2026-10-08 18:51:31,NIGHT_V3,BUY,4118.86,4118.80,🟢 NIGHT_V3 KÂR KİLİDİ,-0.1200,33.6700
2026-10-08 18:53:57,NIGHT_V3,BUY,4118.29,4117.25,🔴 NIGHT_V3 SL,-1.1000,32.5700
2026-10-08 18:57:14,NIGHT_V3,SELL,4116.69,4116.44,🟢 NIGHT_V3 KÂR KİLİDİ,0.1900,32.7600
2026-10-08 19:01:02,NIGHT_V3,BUY,4116.91,4115.75,🔴 NIGHT_V3 SL,-1.2200,31.5400
2026-10-08 19:01:46,NIGHT_V3,SELL,4116.69,4112.88,🟢 NIGHT_V3 İZ SÜREN TP,3.7500,35.2900
2026-10-08 19:03:01,NIGHT_V3,BUY,4114.74,4113.54,🔴 NIGHT_V3 SL,-1.2600,34.0300
2026-10-08 19:07:29,NIGHT_V3,SELL,4110.58,4111.74,🔴 NIGHT_V3 SL,-1.2200,32.8100
2026-10-08 19:09:14,NIGHT_V3,BUY,4112.64,4113.45,🟢 NIGHT_V3 İZ SÜREN TP,0.7500,33.5600
2026-10-08 19:11:51,NIGHT_V3,BUY,4115.68,4116.67,🟢 NIGHT_V3 İZ SÜREN TP,0.9300,34.4900
2026-10-08 19:14:40,NIGHT_V3,SELL,4117.08,4116.42,🟢 NIGHT_V3 İZ SÜREN TP,0.6000,35.0900
2026-10-08 19:16:04,NIGHT_V3,BUY,4116.27,4116.34,🟢 NIGHT_V3 KÂR KİLİDİ,0.0100,35.1000
2026-10-08 19:17:40,NIGHT_V3,SELL,4134.64,4136.00,🔴 NIGHT_V3 SL,-1.4200,33.6800
2026-10-08 19:20:33,NIGHT_V3,SELL,4125.22,4126.30,🔴 NIGHT_V3 SL,-1.1400,32.5400
2026-10-08 19:23:01,NIGHT_V3,SELL,4124.28,4124.20,🟢 NIGHT_V3 KÂR KİLİDİ,0.0200,32.5600
2026-10-08 19:25:10,NIGHT_V3,BUY,4127.41,4127.58,🟢 NIGHT_V3 KÂR KİLİDİ,0.1100,32.6700
2026-10-08 19:28:04,NIGHT_V3,SELL,4124.49,4123.66,🟢 NIGHT_V3 İZ SÜREN TP,0.7700,33.4400
2026-10-08 19:30:34,NIGHT_V3,BUY,4123.41,4124.40,🟢 NIGHT_V3 İZ SÜREN TP,0.9300,34.3700
2026-10-08 19:32:35,NIGHT_V3,SELL,4123.82,4124.83,🔴 NIGHT_V3 SL,-1.0700,33.3000
2026-10-08 19:37:13,NIGHT_V3,SELL,4123.50,4121.17,🟢 NIGHT_V3 İZ SÜREN TP,2.2700,35.5700
2026-10-08 19:39:33,NIGHT_V3,SELL,4122.49,4123.54,🔴 NIGHT_V3 SL,-1.1100,34.4600
2026-10-08 19:42:56,NIGHT_V3,BUY,4127.16,4126.05,🔴 NIGHT_V3 SL,-1.1700,33.2900
2026-10-08 19:45:22,NIGHT_V3,SELL,4124.64,4124.60,🟢 NIGHT_V3 KÂR KİLİDİ,-0.0200,33.2700
2026-10-08 19:48:21,NIGHT_V3,SELL,4125.70,4122.73,🟢 NIGHT_V3 İZ SÜREN TP,2.9100,36.1800
2026-10-08 19:50:03,NIGHT_V3,SELL,4125.30,4126.51,🔴 NIGHT_V3 SL,-1.2700,34.9100
2026-10-08 19:52:54,NIGHT_V3,BUY,4127.70,4126.52,🔴 NIGHT_V3 SL,-1.2400,33.6700
2026-10-08 19:55:08,NIGHT_V3,BUY,4127.39,4127.43,🟢 NIGHT_V3 KÂR KİLİDİ,-0.0200,33.6500
2026-10-08 19:56:19,NIGHT_V3,BUY,4128.42,4129.02,🟢 NIGHT_V3 İZ SÜREN TP,0.5400,34.1900
2026-10-08 19:59:14,NIGHT_V3,SELL,4128.34,4129.61,🔴 NIGHT_V3 SL,-1.3300,32.8600
2026-10-08 20:00:48,NIGHT_V3,SELL,4128.91,4128.96,🟢 NIGHT_V3 KÂR KİLİDİ,-0.1100,32.7500
2026-10-08 20:03:04,NIGHT_V3,BUY,4131.68,4133.52,🟢 NIGHT_V3 İZ SÜREN TP,1.7800,34.5300
2026-10-08 20:04:59,NIGHT_V3,SELL,4131.66,4132.68,🔴 NIGHT_V3 SL,-1.0800,33.4500
2026-10-08 20:07:20,NIGHT_V3,SELL,4137.11,4136.96,🟢 NIGHT_V3 KÂR KİLİDİ,0.0900,33.5400
2026-10-08 20:10:12,NIGHT_V3,SELL,4136.74,4136.51,🟢 NIGHT_V3 KÂR KİLİDİ,0.1700,33.7100
2026-10-08 20:12:27,NIGHT_V3,BUY,4139.59,4139.81,🟢 NIGHT_V3 KÂR KİLİDİ,0.1600,33.8700
2026-10-08 20:14:49,NIGHT_V3,SELL,4138.53,4137.49,🟢 NIGHT_V3 İZ SÜREN TP,0.9800,34.8500
2026-10-08 20:16:45,NIGHT_V3,SELL,4139.88,4141.34,🔴 NIGHT_V3 SL,-1.5200,33.3300
2026-10-08 20:19:06,NIGHT_V3,BUY,4149.01,4149.72,🟢 NIGHT_V3 İZ SÜREN TP,0.6500,33.9800
2026-10-08 20:21:04,NIGHT_V3,SELL,4145.60,4145.63,🟢 NIGHT_V3 İZ SÜREN TP,-0.0900,33.8900
2026-10-08 20:23:09,NIGHT_V3,SELL,4145.68,4143.95,🟢 NIGHT_V3 İZ SÜREN TP,1.6700,35.5600
2026-10-08 20:25:38,NIGHT_V3,BUY,4142.12,4140.95,🔴 NIGHT_V3 SL,-1.2300,34.3300
2026-10-08 20:27:53,NIGHT_V3,SELL,4140.64,4141.73,🔴 NIGHT_V3 SL,-1.1500,33.1800
2026-10-08 20:29:30,NIGHT_V3,BUY,4139.45,4138.40,🔴 NIGHT_V3 SL,-1.1100,32.0700
2026-10-08 20:32:04,NIGHT_V3,BUY,4136.63,4137.32,🟢 NIGHT_V3 İZ SÜREN TP,0.6300,32.7000
2026-10-08 20:34:15,NIGHT_V3,BUY,4137.75,4136.67,🔴 NIGHT_V3 SL,-1.1400,31.5600
2026-10-08 20:37:56,NIGHT_V3,BUY,4137.38,4137.29,🟢 NIGHT_V3 KÂR KİLİDİ,-0.1500,31.4100
2026-10-08 20:40:02,NIGHT_V3,SELL,4136.90,4137.97,🔴 NIGHT_V3 SL,-1.1300,30.2800
2026-10-08 20:42:25,NIGHT_V3,SELL,4136.27,4136.13,🟢 NIGHT_V3 KÂR KİLİDİ,0.0800,30.3600
2026-10-08 20:45:53,NIGHT_V3,BUY,4136.82,4135.73,🔴 NIGHT_V3 SL,-1.1500,29.2100
2026-10-08 20:46:08,NIGHT_V3,SELL,4136.18,4137.60,🔴 NIGHT_V3 SL,-1.4800,27.7300
2026-10-08 20:50:19,NIGHT_V3,SELL,4135.78,4134.07,🟢 NIGHT_V3 İZ SÜREN TP,1.6500,29.3800
2026-10-08 20:52:36,NIGHT_V3,SELL,4133.63,4134.76,🔴 NIGHT_V3 SL,-1.1900,28.1900
2026-10-08 20:54:18,NIGHT_V3,BUY,4136.98,4137.01,🟢 NIGHT_V3 KÂR KİLİDİ,-0.0300,28.1600
2026-10-08 21:00:04,NIGHT_V3,SELL,4138.98,4140.16,🔴 NIGHT_V3 SL,-1.2400,26.9200
2026-10-08 21:00:19,NIGHT_V3,BUY,4139.09,4139.19,🟢 NIGHT_V3 KÂR KİLİDİ,0.0400,26.9600
2026-10-08 21:01:56,NIGHT_V3,SELL,4138.21,4139.30,🔴 NIGHT_V3 SL,-1.1500,25.8100
2026-10-08 21:05:53,NIGHT_V3,SELL,4136.93,4135.51,🟢 NIGHT_V3 İZ SÜREN TP,1.3600,27.1700
2026-10-08 21:07:27,NIGHT_V3,BUY,4135.45,4135.70,🟢 NIGHT_V3 KÂR KİLİDİ,0.1900,27.3600
2026-10-08 21:09:53,NIGHT_V3,BUY,4136.47,4135.22,🔴 NIGHT_V3 SL,-1.3100,26.0500
2026-10-08 21:12:46,NIGHT_V3,SELL,4134.53,4133.92,🟢 NIGHT_V3 İZ SÜREN TP,0.5500,26.6000
2026-10-08 21:16:05,NIGHT_V3,BUY,4134.00,4135.11,🟢 NIGHT_V3 İZ SÜREN TP,1.0500,27.6500
2026-10-08 21:23:00,NIGHT_V3,SELL,4132.61,4130.19,🟢 NIGHT_V3 İZ SÜREN TP,2.3600,30.0100
2026-10-08 21:23:00,NIGHT_V3,SELL,4131.66,4130.19,🟢 NIGHT_V3 İZ SÜREN TP,1.4100,31.4200
2026-10-08 21:23:48,NIGHT_V3,SELL,4129.80,4130.93,🔴 NIGHT_V3 SL,-1.1900,30.2300
2026-10-08 21:25:13,NIGHT_V3,SELL,4132.10,4133.14,🔴 NIGHT_V3 SL,-1.1000,29.1300
2026-10-08 21:27:46,NIGHT_V3,SELL,4132.69,4131.90,🟢 NIGHT_V3 İZ SÜREN TP,0.7300,29.8600
2026-10-08 21:30:32,NIGHT_V3,SELL,4131.59,4130.45,🟢 NIGHT_V3 İZ SÜREN TP,1.0800,30.9400
2026-10-08 21:35:03,NIGHT_V3,SELL,4128.02,4127.91,🟢 NIGHT_V3 KÂR KİLİDİ,0.0500,30.9900
2026-10-08 21:40:35,NIGHT_V3,BUY,4128.05,4129.84,🟢 NIGHT_V3 İZ SÜREN TP,1.7300,32.7200
2026-10-08 21:40:35,NIGHT_V3,BUY,4128.75,4129.84,🟢 NIGHT_V3 İZ SÜREN TP,1.0300,33.7500
2026-10-08 21:44:45,NIGHT_V3,SELL,4129.11,4130.33,🔴 NIGHT_V3 SL,-1.2800,32.4700
2026-10-08 21:45:56,NIGHT_V3,BUY,4129.41,4130.40,🟢 NIGHT_V3 İZ SÜREN TP,0.9300,33.4000
2026-10-08 21:47:42,NIGHT_V3,BUY,4130.13,4131.14,🟢 NIGHT_V3 İZ SÜREN TP,0.9500,34.3500
2026-10-08 21:50:06,NIGHT_V3,SELL,4130.13,4131.15,🔴 NIGHT_V3 SL,-1.0800,33.2700
2026-10-08 21:57:03,NIGHT_V3,BUY,4131.82,4132.93,🟢 NIGHT_V3 İZ SÜREN TP,1.0500,34.3200
2026-10-08 21:59:59,NIGHT_V3,BUY,4133.48,4132.33,🔴 NIGHT_V3 SL,-1.2100,33.1100
2026-10-08 22:00:29,NIGHT_V3,BUY,4133.18,4133.71,🟢 NIGHT_V3 İZ SÜREN TP,0.4700,33.5800
2026-10-08 22:02:39,NIGHT_V3,BUY,4134.50,4133.37,🔴 NIGHT_V3 SL,-1.1900,32.3900
2026-10-08 22:05:59,NIGHT_V3,SELL,4133.82,4134.96,🔴 NIGHT_V3 SL,-1.2000,31.1900
2026-10-08 22:12:59,NIGHT_V3,BUY,4134.76,4134.92,🟢 NIGHT_V3 KÂR KİLİDİ,0.1000,31.2900
2026-10-08 22:13:53,NIGHT_V3,SELL,4135.10,4136.23,🔴 NIGHT_V3 SL,-1.1900,30.1000
2026-10-08 22:14:57,NIGHT_V3,BUY,4134.43,4135.66,🟢 NIGHT_V3 İZ SÜREN TP,1.1700,31.2700
2026-10-08 22:21:09,NIGHT_V3,SELL,4134.16,4133.93,🟢 NIGHT_V3 KÂR KİLİDİ,0.1700,31.4400
2026-10-08 22:21:36,NIGHT_V3,SELL,4134.39,4134.41,🟢 NIGHT_V3 KÂR KİLİDİ,-0.0800,31.3600
2026-10-08 22:24:36,NIGHT_V3,BUY,4134.57,4136.33,🟢 NIGHT_V3 İZ SÜREN TP,1.7000,33.0600
2026-10-08 22:27:07,NIGHT_V3,SELL,4135.67,4137.33,🔴 NIGHT_V3 SL,-1.7200,31.3400
2026-10-08 22:29:46,NIGHT_V3,BUY,4137.38,4136.30,🔴 NIGHT_V3 SL,-1.1400,30.2000
2026-10-08 22:31:58,NIGHT_V3,BUY,4135.82,4136.04,🟢 NIGHT_V3 KÂR KİLİDİ,0.1600,30.3600
2026-10-08 22:36:30,NIGHT_V3,BUY,4136.35,4135.32,🔴 NIGHT_V3 SL,-1.0900,29.2700
2026-10-08 22:38:26,NIGHT_V3,SELL,4135.19,4136.46,🔴 NIGHT_V3 SL,-1.3300,27.9400
2026-10-08 22:43:31,NIGHT_V3,BUY,4139.19,4138.07,🔴 NIGHT_V3 SL,-1.1800,26.7600
2026-10-08 22:45:55,NIGHT_V3,SELL,4138.34,4135.93,🟢 NIGHT_V3 İZ SÜREN TP,2.3500,29.1100
2026-10-08 22:48:17,NIGHT_V3,SELL,4135.90,4135.00,🟢 NIGHT_V3 İZ SÜREN TP,0.8400,29.9500
